timestamp,experiment_id,mode,img_size,batch_size,learning_rate,epochs,early_stop_patience,val_max_batches,num_workers,pin_memory,epsilon_v,epsilon_f,hinge_cap,lambda_l2,gamma_tv,lambda_col,vanish_lambda_l2,vanish_gamma_tv,vanish_lambda_col,epoch,run_v,run_f,v_best_loss,v_patience_counter,v_stopped,f_best_loss,f_patience_counter,f_stopped,lv,lf,v_missed,v_new,v_cls_chg,f_missed,f_new,f_cls_chg,psnr_v,psnr_f,linf_v,linf_f,,,prefetch_factor,persistent_workers,psnr_o,ssim_v,ssim_f,lpips_v,lpips_f,speed_o,speed_v,speed_f
2026-04-08T20:18:54,V1,Vanish only,640,2,0.0001,20,4,12,0,1,0.0471,0.0156862745,0.5,15,1.5,3,0,0,0,1,1,0,0.337638661,0,0,,,,0.337638661,0,15.66666667,3.25,3.166666667,0,0,0,44.09363951,0,0.0471000001,0,,,,,,,,,,,,
2026-04-08T20:18:54,V1,Vanish only,640,2,0.0001,20,4,12,0,1,0.0471,0.0156862745,0.5,15,1.5,3,0,0,0,2,1,0,0.318887415,0,0,,,,0.318887415,0,16.83333333,2.833333333,4.083333333,0,0,0,43.79921362,0,0.0471000001,0,,,,,,,,,,,,
2026-04-08T20:18:54,V1,Vanish only,640,2,0.0001,20,4,12,0,1,0.0471,0.0156862745,0.5,15,1.5,3,0,0,0,3,1,0,0.300834247,0,0,,,,0.300834247,0,17.66666667,3.25,3.916666667,0,0,0,43.57047734,0,0.0471000001,0,,,,,,,,,,,,
2026-04-08T20:18:54,V1,Vanish only,640,2,0.0001,20,4,12,0,1,0.0471,0.0156862745,0.5,15,1.5,3,0,0,0,4,1,0,0.285140917,0,0,,,,0.285140917,0,18.41666667,3.25,4.25,0,0,0,43.59497622,0,0.0471000001,0,,,,,,,,,,,,
2026-04-08T20:18:54,V1,Vanish only,640,2,0.0001,20,4,12,0,1,0.0471,0.0156862745,0.5,15,1.5,3,0,0,0,5,1,0,0.279311718,0,0,,,,0.279311718,0,18.91666667,3.666666667,3.333333333,0,0,0,43.55809998,0,0.0471000001,0,,,,,,,,,,,,
2026-04-08T20:18:54,V1,Vanish only,640,2,0.0001,20,4,12,0,1,0.0471,0.0156862745,0.5,15,1.5,3,0,0,0,6,1,0,0.257889045,0,0,,,,0.257889045,0,20.58333333,4.166666667,4,0,0,0,43.50001618,0,0.0471000001,0,,,,,,,,,,,,
2026-04-08T20:18:54,V1,Vanish only,640,2,0.0001,20,4,12,0,1,0.0471,0.0156862745,0.5,15,1.5,3,0,0,0,7,1,0,0.245705239,0,0,,,,0.245705239,0,21.08333333,2.333333333,4.25,0,0,0,43.61535755,0,0.0471000001,0,,,,,,,,,,,,
2026-04-08T20:18:54,V1,Vanish only,640,2,0.0001,20,4,12,0,1,0.0471,0.0156862745,0.5,15,1.5,3,0,0,0,8,1,0,0.217307129,0,0,,,,0.217307129,0,22,2.833333333,3.666666667,0,0,0,43.49454558,0,0.0471000001,0,,,,,,,,,,,,
2026-04-08T20:18:54,V1,Vanish only,640,2,0.0001,20,4,12,0,1,0.0471,0.0156862745,0.5,15,1.5,3,0,0,0,9,1,0,0.201735,0,0,,,,0.201735,0,22.25,2.083333333,4.416666667,0,0,0,43.49423077,0,0.0471000001,0,,,,,,,,,,,,
2026-04-08T20:18:54,V1,Vanish only,640,2,0.0001,20,4,12,0,1,0.0471,0.0156862745,0.5,15,1.5,3,0,0,0,10,1,0,0.201735,1,0,,,,0.215440877,0,21.66666667,3,4.166666667,0,0,0,43.47323022,0,0.0471000001,0,,,,,,,,,,,,
2026-04-08T20:18:54,V1,Vanish only,640,2,0.0001,20,4,12,0,1,0.0471,0.0156862745,0.5,15,1.5,3,0,0,0,11,1,0,0.201735,2,0,,,,0.201996706,0,23.33333333,2.916666667,3.583333333,0,0,0,43.4391175,0,0.0471000001,0,,,,,,,,,,,,
2026-04-08T20:18:54,V1,Vanish only,640,2,0.0001,20,4,12,0,1,0.0471,0.0156862745,0.5,15,1.5,3,0,0,0,12,1,0,0.195089838,0,0,,,,0.195089838,0,23.16666667,2.083333333,3.166666667,0,0,0,43.39788889,0,0.0471000001,0,,,,,,,,,,,,
2026-04-08T20:18:54,V1,Vanish only,640,2,0.0001,20,4,12,0,1,0.0471,0.0156862745,0.5,15,1.5,3,0,0,0,13,1,0,0.186184355,0,0,,,,0.186184355,0,22.75,2.916666667,4.083333333,0,0,0,43.49421547,0,0.0471000001,0,,,,,,,,,,,,
2026-04-08T20:18:54,V1,Vanish only,640,2,0.0001,20,4,12,0,1,0.0471,0.0156862745,0.5,15,1.5,3,0,0,0,14,1,0,0.182691297,0,0,,,,0.182691297,0,23.33333333,2.583333333,3.666666667,0,0,0,43.38990477,0,0.0471000001,0,,,,,,,,,,,,
2026-04-08T20:18:54,V1,Vanish only,640,2,0.0001,20,4,12,0,1,0.0471,0.0156862745,0.5,15,1.5,3,0,0,0,15,1,0,0.182691297,1,0,,,,0.185451618,0,24,2.25,3.5,0,0,0,43.46254795,0,0.0471000001,0,,,,,,,,,,,,
2026-04-08T20:18:54,V1,Vanish only,640,2,0.0001,20,4,12,0,1,0.0471,0.0156862745,0.5,15,1.5,3,0,0,0,16,1,0,0.171681034,0,0,,,,0.171681034,0,24.58333333,2.25,3.166666667,0,0,0,43.44462599,0,0.0471000001,0,,,,,,,,,,,,
2026-04-08T20:18:54,V1,Vanish only,640,2,0.0001,20,4,12,0,1,0.0471,0.0156862745,0.5,15,1.5,3,0,0,0,17,1,0,0.168324941,0,0,,,,0.168324941,0,24.66666667,3,3.416666667,0,0,0,43.454783,0,0.0471000001,0,,,,,,,,,,,,
2026-04-08T20:18:54,V1,Vanish only,640,2,0.0001,20,4,12,0,1,0.0471,0.0156862745,0.5,15,1.5,3,0,0,0,18,1,0,0.168324941,1,0,,,,0.182308999,0,24,2.583333333,3.583333333,0,0,0,43.36631536,0,0.0471000001,0,,,,,,,,,,,,
2026-04-08T20:18:54,V1,Vanish only,640,2,0.0001,20,4,12,0,1,0.0471,0.0156862745,0.5,15,1.5,3,0,0,0,19,1,0,0.168324941,2,0,,,,0.174159511,0,24.75,2.333333333,3.583333333,0,0,0,43.43825189,0,0.0471000001,0,,,,,,,,,,,,
2026-04-08T20:18:54,V1,Vanish only,640,2,0.0001,20,4,12,0,1,0.0471,0.0156862745,0.5,15,1.5,3,0,0,0,20,1,0,0.168324941,3,0,,,,0.172767465,0,25.41666667,2.333333333,3.666666667,0,0,0,43.46010821,0,0.0471000001,0,,,,,,,,,,,,
2026-04-08T22:50:54,V2,Vanish only,640,2,0.0001,20,4,12,0,1,0.0392,0.0156862745,0.5,15,1.5,3,0,0,0,1,1,0,0.387880374,0,0,,,,0.387880374,0,13.66666667,3.25,2,0,0,0,45.54866724,0,0.0392000005,0,,,,,,,,,,,,
2026-04-08T22:50:54,V2,Vanish only,640,2,0.0001,20,4,12,0,1,0.0392,0.0156862745,0.5,15,1.5,3,0,0,0,2,1,0,0.36038065,0,0,,,,0.36038065,0,14.75,3.666666667,2.916666667,0,0,0,45.32764858,0,0.0392000005,0,,,,,,,,,,,,
2026-04-08T22:50:54,V2,Vanish only,640,2,0.0001,20,4,12,0,1,0.0392,0.0156862745,0.5,15,1.5,3,0,0,0,3,1,0,0.352712676,0,0,,,,0.352712676,0,14.83333333,4.25,3.916666667,0,0,0,45.22420939,0,0.0392000005,0,,,,,,,,,,,,
2026-04-08T22:50:54,V2,Vanish only,640,2,0.0001,20,4,12,0,1,0.0392,0.0156862745,0.5,15,1.5,3,0,0,0,4,1,0,0.345096618,0,0,,,,0.345096618,0,16.16666667,3.833333333,3.25,0,0,0,45.18243096,0,0.0392000005,0,,,,,,,,,,,,
2026-04-08T22:50:54,V2,Vanish only,640,2,0.0001,20,4,12,0,1,0.0392,0.0156862745,0.5,15,1.5,3,0,0,0,5,1,0,0.335201646,0,0,,,,0.335201646,0,16.08333333,3.75,4,0,0,0,45.13311107,0,0.0392000005,0,,,,,,,,,,,,
2026-04-08T22:50:54,V2,Vanish only,640,2,0.0001,20,4,12,0,1,0.0392,0.0156862745,0.5,15,1.5,3,0,0,0,6,1,0,0.326246001,0,0,,,,0.326246001,0,16.5,3.916666667,3.333333333,0,0,0,45.13468909,0,0.0392000005,0,,,,,,,,,,,,
2026-04-08T22:50:54,V2,Vanish only,640,2,0.0001,20,4,12,0,1,0.0392,0.0156862745,0.5,15,1.5,3,0,0,0,7,1,0,0.317188654,0,0,,,,0.317188654,0,17.41666667,3.75,3.916666667,0,0,0,45.09168564,0,0.0392000005,0,,,,,,,,,,,,
2026-04-08T22:50:54,V2,Vanish only,640,2,0.0001,20,4,12,0,1,0.0392,0.0156862745,0.5,15,1.5,3,0,0,0,8,1,0,0.297139511,0,0,,,,0.297139511,0,17.66666667,3.5,4.083333333,0,0,0,45.02549415,0,0.0392000005,0,,,,,,,,,,,,
2026-04-08T22:50:54,V2,Vanish only,640,2,0.0001,20,4,12,0,1,0.0392,0.0156862745,0.5,15,1.5,3,0,0,0,9,1,0,0.29600422,0,0,,,,0.29600422,0,17.83333333,3,3.833333333,0,0,0,45.04177846,0,0.0392000005,0,,,,,,,,,,,,
2026-04-08T22:50:54,V2,Vanish only,640,2,0.0001,20,4,12,0,1,0.0392,0.0156862745,0.5,15,1.5,3,0,0,0,10,1,0,0.29600422,1,0,,,,0.297340972,0,18.58333333,3.75,3.833333333,0,0,0,44.956746,0,0.0392000005,0,,,,,,,,,,,,
2026-04-08T22:50:54,V2,Vanish only,640,2,0.0001,20,4,12,0,1,0.0392,0.0156862745,0.5,15,1.5,3,0,0,0,11,1,0,0.270199948,0,0,,,,0.270199948,0,18.83333333,2.916666667,4,0,0,0,44.98135947,0,0.0392000005,0,,,,,,,,,,,,
2026-04-08T22:50:54,V2,Vanish only,640,2,0.0001,20,4,12,0,1,0.0392,0.0156862745,0.5,15,1.5,3,0,0,0,12,1,0,0.262963868,0,0,,,,0.262963868,0,18.66666667,3.083333333,3.916666667,0,0,0,44.99971229,0,0.0392000005,0,,,,,,,,,,,,
2026-04-08T22:50:54,V2,Vanish only,640,2,0.0001,20,4,12,0,1,0.0392,0.0156862745,0.5,15,1.5,3,0,0,0,13,1,0,0.262963868,1,0,,,,0.266039868,0,19.5,3,3.916666667,0,0,0,45.00331376,0,0.0392000005,0,,,,,,,,,,,,
2026-04-08T22:50:54,V2,Vanish only,640,2,0.0001,20,4,12,0,1,0.0392,0.0156862745,0.5,15,1.5,3,0,0,0,14,1,0,0.262963868,2,0,,,,0.265426443,0,18.91666667,2.916666667,4.166666667,0,0,0,44.93598998,0,0.0392000005,0,,,,,,,,,,,,
2026-04-08T22:50:54,V2,Vanish only,640,2,0.0001,20,4,12,0,1,0.0392,0.0156862745,0.5,15,1.5,3,0,0,0,15,1,0,0.256357061,0,0,,,,0.256357061,0,20.08333333,3.333333333,4.416666667,0,0,0,44.97599155,0,0.0392000005,0,,,,,,,,,,,,
2026-04-08T22:50:54,V2,Vanish only,640,2,0.0001,20,4,12,0,1,0.0392,0.0156862745,0.5,15,1.5,3,0,0,0,16,1,0,0.244129916,0,0,,,,0.244129916,0,20.16666667,3.25,4.75,0,0,0,44.91136924,0,0.0392000005,0,,,,,,,,,,,,
2026-04-08T22:50:54,V2,Vanish only,640,2,0.0001,20,4,12,0,1,0.0392,0.0156862745,0.5,15,1.5,3,0,0,0,17,1,0,0.244129916,1,0,,,,0.24857442,0,20.16666667,3.666666667,4.75,0,0,0,44.9262388,0,0.0392000005,0,,,,,,,,,,,,
2026-04-08T22:50:54,V2,Vanish only,640,2,0.0001,20,4,12,0,1,0.0392,0.0156862745,0.5,15,1.5,3,0,0,0,18,1,0,0.244129916,2,0,,,,0.252380019,0,19.58333333,3.75,4.916666667,0,0,0,44.91631247,0,0.0392000005,0,,,,,,,,,,,,
2026-04-08T22:50:54,V2,Vanish only,640,2,0.0001,20,4,12,0,1,0.0392,0.0156862745,0.5,15,1.5,3,0,0,0,19,1,0,0.236757084,0,0,,,,0.236757084,0,21.33333333,3.416666667,4.25,0,0,0,44.92054069,0,0.0392000005,0,,,,,,,,,,,,
2026-04-08T22:50:54,V2,Vanish only,640,2,0.0001,20,4,12,0,1,0.0392,0.0156862745,0.5,15,1.5,3,0,0,0,20,1,0,0.236757084,1,0,,,,0.261657213,0,20.08333333,3.75,3.833333333,0,0,0,44.95104413,0,0.0392000005,0,,,,,,,,,,,,
2026-04-09T01:00:51,V3,Vanish only,640,2,0.0001,20,4,12,0,1,0.0471,0.0156862745,0.5,15,1.5,3,3,0,0,1,1,0,0.342926045,0,0,,,,0.342926045,0,16.16666667,4.166666667,3,0,0,0,44.12677282,0,0.0471000001,0,,,,,,,,,,,,
2026-04-09T19:54:54,V3,Vanish only,640,2,0.0001,20,4,12,0,1,0.0471,0.0156862745,0.5,15,1.5,3,3,0,0,1,1,0,0.3141312,0,0,,,,0.3141312,0,14.91666667,3.75,2.916666667,0,0,0,43.9190884,0,0.0471000001,0,,,,,,,,,,,,
2026-04-09T19:54:54,V3,Vanish only,640,2,0.0001,20,4,12,0,1,0.0471,0.0156862745,0.5,15,1.5,3,3,0,0,2,1,0,0.296659261,0,0,,,,0.296659261,0,17.66666667,3.583333333,3.666666667,0,0,0,43.83646042,0,0.0471000001,0,,,,,,,,,,,,
2026-04-09T19:54:54,V3,Vanish only,640,2,0.0001,20,4,12,0,1,0.0471,0.0156862745,0.5,15,1.5,3,3,0,0,3,1,0,0.291114752,0,0,,,,0.291114752,0,17.25,3.5,4.166666667,0,0,0,43.69281954,0,0.0471000001,0,,,,,,,,,,,,
2026-04-09T19:54:54,V3,Vanish only,640,2,0.0001,20,4,12,0,1,0.0471,0.0156862745,0.5,15,1.5,3,3,0,0,4,1,0,0.274493357,0,0,,,,0.274493357,0,18.33333333,3.166666667,3.916666667,0,0,0,43.5182666,0,0.0471000001,0,,,,,,,,,,,,
2026-04-09T19:54:54,V3,Vanish only,640,2,0.0001,20,4,12,0,1,0.0471,0.0156862745,0.5,15,1.5,3,3,0,0,5,1,0,0.247646115,0,0,,,,0.247646115,0,19.33333333,2.75,4.25,0,0,0,43.53589806,0,0.0471000001,0,,,,,,,,,,,,
2026-04-09T19:54:54,V3,Vanish only,640,2,0.0001,20,4,12,0,1,0.0471,0.0156862745,0.5,15,1.5,3,3,0,0,6,1,0,0.236202085,0,0,,,,0.236202085,0,19.66666667,2.666666667,3.25,0,0,0,43.55950915,0,0.0471000001,0,,,,,,,,,,,,
2026-04-09T19:54:54,V3,Vanish only,640,2,0.0001,20,4,12,0,1,0.0471,0.0156862745,0.5,15,1.5,3,3,0,0,7,1,0,0.219974731,0,0,,,,0.219974731,0,20.66666667,2.25,3.666666667,0,0,0,43.56644115,0,0.0471000001,0,,,,,,,,,,,,
2026-04-09T19:54:54,V3,Vanish only,640,2,0.0001,20,4,12,0,1,0.0471,0.0156862745,0.5,15,1.5,3,3,0,0,8,1,0,0.206080643,0,0,,,,0.206080643,0,21.41666667,2.333333333,3.75,0,0,0,43.46762583,0,0.0471000001,0,,,,,,,,,,,,
2026-04-09T19:54:54,V3,Vanish only,640,2,0.0001,20,4,12,0,1,0.0471,0.0156862745,0.5,15,1.5,3,3,0,0,9,1,0,0.201899385,0,0,,,,0.201899385,0,22.25,2.833333333,2.75,0,0,0,43.54412971,0,0.0471000001,0,,,,,,,,,,,,
2026-04-09T19:54:54,V3,Vanish only,640,2,0.0001,20,4,12,0,1,0.0471,0.0156862745,0.5,15,1.5,3,3,0,0,10,1,0,0.19341393,0,0,,,,0.19341393,0,22.83333333,2.25,3.333333333,0,0,0,43.52316128,0,0.0471000001,0,,,,,,,,,,,,
2026-04-09T19:54:54,V3,Vanish only,640,2,0.0001,20,4,12,0,1,0.0471,0.0156862745,0.5,15,1.5,3,3,0,0,11,1,0,0.19341393,1,0,,,,0.200452452,0,22.33333333,2.583333333,3.916666667,0,0,0,43.42370978,0,0.0471000001,0,,,,,,,,,,,,
2026-04-09T19:54:54,V3,Vanish only,640,2,0.0001,20,4,12,0,1,0.0471,0.0156862745,0.5,15,1.5,3,3,0,0,12,1,0,0.182371895,0,0,,,,0.182371895,0,23.66666667,2.333333333,3.5,0,0,0,43.49464986,0,0.0471000001,0,,,,,,,,,,,,
2026-04-09T19:54:54,V3,Vanish only,640,2,0.0001,20,4,12,0,1,0.0471,0.0156862745,0.5,15,1.5,3,3,0,0,13,1,0,0.182371895,1,0,,,,0.182808278,0,23.58333333,2,3.333333333,0,0,0,43.49338252,0,0.0471000001,0,,,,,,,,,,,,
2026-04-09T19:54:54,V3,Vanish only,640,2,0.0001,20,4,12,0,1,0.0471,0.0156862745,0.5,15,1.5,3,3,0,0,14,1,0,0.177227879,0,0,,,,0.177227879,0,23.83333333,1.666666667,2.916666667,0,0,0,43.45636682,0,0.0471000001,0,,,,,,,,,,,,
2026-04-09T19:54:54,V3,Vanish only,640,2,0.0001,20,4,12,0,1,0.0471,0.0156862745,0.5,15,1.5,3,3,0,0,15,1,0,0.167051385,0,0,,,,0.167051385,0,24.25,2,2.833333333,0,0,0,43.43907867,0,0.0471000001,0,,,,,,,,,,,,
2026-04-09T19:54:54,V3,Vanish only,640,2,0.0001,20,4,12,0,1,0.0471,0.0156862745,0.5,15,1.5,3,3,0,0,16,1,0,0.167051385,1,0,,,,0.175236535,0,23.75,2.25,3,0,0,0,43.48080545,0,0.0471000001,0,,,,,,,,,,,,
2026-04-09T19:54:54,V3,Vanish only,640,2,0.0001,20,4,12,0,1,0.0471,0.0156862745,0.5,15,1.5,3,3,0,0,17,1,0,0.161882807,0,0,,,,0.161882807,0,24.16666667,1.833333333,3.083333333,0,0,0,43.48059332,0,0.0471000001,0,,,,,,,,,,,,
2026-04-09T19:54:54,V3,Vanish only,640,2,0.0001,20,4,12,0,1,0.0471,0.0156862745,0.5,15,1.5,3,3,0,0,18,1,0,0.160319186,0,0,,,,0.160319186,0,25,2.25,3,0,0,0,43.47045866,0,0.0471000001,0,,,,,,,,,,,,
2026-04-09T19:54:54,V3,Vanish only,640,2,0.0001,20,4,12,0,1,0.0471,0.0156862745,0.5,15,1.5,3,3,0,0,19,1,0,0.160319186,1,0,,,,0.161827032,0,24.75,2.166666667,3.5,0,0,0,43.48020711,0,0.0471000001,0,,,,,,,,,,,,
2026-04-09T19:54:54,V3,Vanish only,640,2,0.0001,20,4,12,0,1,0.0471,0.0156862745,0.5,15,1.5,3,3,0,0,20,1,0,0.160319186,2,0,,,,0.16309311,0,24.83333333,1.5,2.833333333,0,0,0,43.47550024,0,0.0471000001,0,,,,,,,,,,,,
2026-04-09T21:44:41,V4,Vanish only,640,2,0.0001,20,4,12,0,1,0.0471,0.0156862745,0.5,15,1.5,3,5,1,0,1,1,0,0.334248194,0,0,,,,0.334248194,0,15.83333333,4.333333333,3.333333333,0,0,0,44.00102115,0,0.0471000001,0,,,,,,,,,,,,
2026-04-09T21:44:41,V4,Vanish only,640,2,0.0001,20,4,12,0,1,0.0471,0.0156862745,0.5,15,1.5,3,5,1,0,2,1,0,0.31129225,0,0,,,,0.31129225,0,18.08333333,5.25,4.083333333,0,0,0,43.68214807,0,0.0471000001,0,,,,,,,,,,,,
2026-04-09T21:44:41,V4,Vanish only,640,2,0.0001,20,4,12,0,1,0.0471,0.0156862745,0.5,15,1.5,3,5,1,0,3,1,0,0.295514292,0,0,,,,0.295514292,0,18.41666667,3.75,3.25,0,0,0,43.73282188,0,0.0471000001,0,,,,,,,,,,,,
2026-04-09T21:44:41,V4,Vanish only,640,2,0.0001,20,4,12,0,1,0.0471,0.0156862745,0.5,15,1.5,3,5,1,0,4,1,0,0.276891357,0,0,,,,0.276891357,0,19.58333333,3.75,4.166666667,0,0,0,43.62593022,0,0.0471000001,0,,,,,,,,,,,,
2026-04-09T21:44:41,V4,Vanish only,640,2,0.0001,20,4,12,0,1,0.0471,0.0156862745,0.5,15,1.5,3,5,1,0,5,1,0,0.261118418,0,0,,,,0.261118418,0,19.83333333,2.666666667,4.25,0,0,0,43.67499368,0,0.0471000001,0,,,,,,,,,,,,
2026-04-09T21:44:41,V4,Vanish only,640,2,0.0001,20,4,12,0,1,0.0471,0.0156862745,0.5,15,1.5,3,5,1,0,6,1,0,0.244620722,0,0,,,,0.244620722,0,20.75,2.666666667,3.333333333,0,0,0,43.67218045,0,0.0471000001,0,,,,,,,,,,,,
2026-04-09T21:44:41,V4,Vanish only,640,2,0.0001,20,4,12,0,1,0.0471,0.0156862745,0.5,15,1.5,3,5,1,0,7,1,0,0.222505793,0,0,,,,0.222505793,0,21.83333333,2.916666667,3.75,0,0,0,43.51915845,0,0.0471000001,0,,,,,,,,,,,,
2026-04-09T21:44:41,V4,Vanish only,640,2,0.0001,20,4,12,0,1,0.0471,0.0156862745,0.5,15,1.5,3,5,1,0,8,1,0,0.21522217,0,0,,,,0.21522217,0,21.41666667,2.666666667,4.083333333,0,0,0,43.62362699,0,0.0471000001,0,,,,,,,,,,,,
2026-04-09T21:44:41,V4,Vanish only,640,2,0.0001,20,4,12,0,1,0.0471,0.0156862745,0.5,15,1.5,3,5,1,0,9,1,0,0.21522217,1,0,,,,0.215360831,0,22.08333333,2.833333333,3.5,0,0,0,43.57038637,0,0.0471000001,0,,,,,,,,,,,,
2026-04-09T21:44:41,V4,Vanish only,640,2,0.0001,20,4,12,0,1,0.0471,0.0156862745,0.5,15,1.5,3,5,1,0,10,1,0,0.203252103,0,0,,,,0.203252103,0,23.33333333,2.666666667,4.083333333,0,0,0,43.5435329,0,0.0471000001,0,,,,,,,,,,,,
2026-04-09T21:44:41,V4,Vanish only,640,2,0.0001,20,4,12,0,1,0.0471,0.0156862745,0.5,15,1.5,3,5,1,0,11,1,0,0.196983915,0,0,,,,0.196983915,0,23.75,2,2.75,0,0,0,43.53765936,0,0.0471000001,0,,,,,,,,,,,,
2026-04-09T21:44:41,V4,Vanish only,640,2,0.0001,20,4,12,0,1,0.0471,0.0156862745,0.5,15,1.5,3,5,1,0,12,1,0,0.196983915,1,0,,,,0.212429928,0,23.16666667,3.25,2.666666667,0,0,0,43.5218937,0,0.0471000001,0,,,,,,,,,,,,
2026-04-09T21:44:41,V4,Vanish only,640,2,0.0001,20,4,12,0,1,0.0471,0.0156862745,0.5,15,1.5,3,5,1,0,13,1,0,0.183780987,0,0,,,,0.183780987,0,24.83333333,2.333333333,3.083333333,0,0,0,43.52175672,0,0.0471000001,0,,,,,,,,,,,,
2026-04-09T21:44:41,V4,Vanish only,640,2,0.0001,20,4,12,0,1,0.0471,0.0156862745,0.5,15,1.5,3,5,1,0,14,1,0,0.183780987,1,0,,,,0.194552653,0,24.16666667,2.666666667,3.166666667,0,0,0,43.49392251,0,0.0471000001,0,,,,,,,,,,,,
2026-04-09T21:44:41,V4,Vanish only,640,2,0.0001,20,4,12,0,1,0.0471,0.0156862745,0.5,15,1.5,3,5,1,0,15,1,0,0.183780987,2,0,,,,0.185412118,0,24.08333333,2.083333333,2.666666667,0,0,0,43.49345253,0,0.0471000001,0,,,,,,,,,,,,
2026-04-09T21:44:41,V4,Vanish only,640,2,0.0001,20,4,12,0,1,0.0471,0.0156862745,0.5,15,1.5,3,5,1,0,16,1,0,0.183780987,3,0,,,,0.196197165,0,24.08333333,2.916666667,2.75,0,0,0,43.45316564,0,0.0471000001,0,,,,,,,,,,,,
2026-04-09T21:44:41,V4,Vanish only,640,2,0.0001,20,4,12,0,1,0.0471,0.0156862745,0.5,15,1.5,3,5,1,0,17,1,0,0.183780987,4,1,,,,0.186898851,0,24.25,3.083333333,3.25,0,0,0,43.53155979,0,0.0471000001,0,,,,,,,,,,,,
2026-04-09T23:35:15,V5,Vanish only,640,2,0.0001,20,4,12,0,1,0.0471,0.0156862745,0.5,15,1.5,3,5,1,0.5,1,1,0,0.337485289,0,0,,,,0.337485289,0,16,4,3.833333333,0,0,0,43.93335057,0,0.0471000001,0,,,,,,,,,,,,
2026-04-09T23:35:15,V5,Vanish only,640,2,0.0001,20,4,12,0,1,0.0471,0.0156862745,0.5,15,1.5,3,5,1,0.5,2,1,0,0.31637033,0,0,,,,0.31637033,0,17.83333333,4.333333333,3.333333333,0,0,0,43.86863724,0,0.0471000001,0,,,,,,,,,,,,
2026-04-09T23:35:15,V5,Vanish only,640,2,0.0001,20,4,12,0,1,0.0471,0.0156862745,0.5,15,1.5,3,5,1,0.5,3,1,0,0.300366794,0,0,,,,0.300366794,0,18.5,4.166666667,3.083333333,0,0,0,43.73851516,0,0.0471000001,0,,,,,,,,,,,,
2026-04-09T23:35:15,V5,Vanish only,640,2,0.0001,20,4,12,0,1,0.0471,0.0156862745,0.5,15,1.5,3,5,1,0.5,4,1,0,0.282627515,0,0,,,,0.282627515,0,19.83333333,2.75,3.916666667,0,0,0,43.62626049,0,0.0471000001,0,,,,,,,,,,,,
2026-04-09T23:35:15,V5,Vanish only,640,2,0.0001,20,4,12,0,1,0.0471,0.0156862745,0.5,15,1.5,3,5,1,0.5,5,1,0,0.266412217,0,0,,,,0.266412217,0,20.5,3.25,3.583333333,0,0,0,43.62009749,0,0.0471000001,0,,,,,,,,,,,,
2026-04-09T23:35:15,V5,Vanish only,640,2,0.0001,20,4,12,0,1,0.0471,0.0156862745,0.5,15,1.5,3,5,1,0.5,6,1,0,0.254274717,0,0,,,,0.254274717,0,21.41666667,3.166666667,4.25,0,0,0,43.4538373,0,0.0471000001,0,,,,,,,,,,,,
2026-04-09T23:35:15,V5,Vanish only,640,2,0.0001,20,4,12,0,1,0.0471,0.0156862745,0.5,15,1.5,3,5,1,0.5,7,1,0,0.247949834,0,0,,,,0.247949834,0,21.91666667,3,3.666666667,0,0,0,43.56180948,0,0.0471000001,0,,,,,,,,,,,,
2026-04-09T23:35:15,V5,Vanish only,640,2,0.0001,20,4,12,0,1,0.0471,0.0156862745,0.5,15,1.5,3,5,1,0.5,8,1,0,0.211018932,0,0,,,,0.211018932,0,22.25,3,4.75,0,0,0,43.51285199,0,0.0471000001,0,,,,,,,,,,,,
2026-04-09T23:35:15,V5,Vanish only,640,2,0.0001,20,4,12,0,1,0.0471,0.0156862745,0.5,15,1.5,3,5,1,0.5,9,1,0,0.211018932,1,0,,,,0.218648069,0,23.08333333,3.333333333,3.583333333,0,0,0,43.52997785,0,0.0471000001,0,,,,,,,,,,,,
2026-04-09T23:35:15,V5,Vanish only,640,2,0.0001,20,4,12,0,1,0.0471,0.0156862745,0.5,15,1.5,3,5,1,0.5,10,1,0,0.205013465,0,0,,,,0.205013465,0,22.75,2.666666667,3.916666667,0,0,0,43.5120721,0,0.0471000001,0,,,,,,,,,,,,
2026-04-09T23:35:15,V5,Vanish only,640,2,0.0001,20,4,12,0,1,0.0471,0.0156862745,0.5,15,1.5,3,5,1,0.5,11,1,0,0.204317851,0,0,,,,0.204317851,0,23.5,3.166666667,3.75,0,0,0,43.46022177,0,0.0471000001,0,,,,,,,,,,,,
2026-04-09T23:35:15,V5,Vanish only,640,2,0.0001,20,4,12,0,1,0.0471,0.0156862745,0.5,15,1.5,3,5,1,0.5,12,1,0,0.202579787,0,0,,,,0.202579787,0,23.75,3,3.583333333,0,0,0,43.54866279,0,0.0471000001,0,,,,,,,,,,,,
2026-04-09T23:35:15,V5,Vanish only,640,2,0.0001,20,4,12,0,1,0.0471,0.0156862745,0.5,15,1.5,3,5,1,0.5,13,1,0,0.189111344,0,0,,,,0.189111344,0,24.91666667,3.25,3.25,0,0,0,43.4607625,0,0.0471000001,0,,,,,,,,,,,,
2026-04-09T23:35:15,V5,Vanish only,640,2,0.0001,20,4,12,0,1,0.0471,0.0156862745,0.5,15,1.5,3,5,1,0.5,14,1,0,0.189111344,1,0,,,,0.194808914,0,24,3.166666667,3.166666667,0,0,0,43.45732168,0,0.0471000001,0,,,,,,,,,,,,
2026-04-09T23:35:15,V5,Vanish only,640,2,0.0001,20,4,12,0,1,0.0471,0.0156862745,0.5,15,1.5,3,5,1,0.5,15,1,0,0.189111344,2,0,,,,0.215324003,0,22.75,3.75,3.583333333,0,0,0,43.4470132,0,0.0471000001,0,,,,,,,,,,,,
2026-04-09T23:35:15,V5,Vanish only,640,2,0.0001,20,4,12,0,1,0.0471,0.0156862745,0.5,15,1.5,3,5,1,0.5,16,1,0,0.181851464,0,0,,,,0.181851464,0,24.33333333,2.583333333,2.666666667,0,0,0,43.45131598,0,0.0471000001,0,,,,,,,,,,,,
2026-04-09T23:35:15,V5,Vanish only,640,2,0.0001,20,4,12,0,1,0.0471,0.0156862745,0.5,15,1.5,3,5,1,0.5,17,1,0,0.181851464,1,0,,,,0.18617184,0,24.25,2.666666667,3.333333333,0,0,0,43.52813571,0,0.0471000001,0,,,,,,,,,,,,
2026-04-09T23:35:15,V5,Vanish only,640,2,0.0001,20,4,12,0,1,0.0471,0.0156862745,0.5,15,1.5,3,5,1,0.5,18,1,0,0.177653435,0,0,,,,0.177653435,0,24.91666667,3.166666667,3.5,0,0,0,43.46880068,0,0.0471000001,0,,,,,,,,,,,,
2026-04-09T23:35:15,V5,Vanish only,640,2,0.0001,20,4,12,0,1,0.0471,0.0156862745,0.5,15,1.5,3,5,1,0.5,19,1,0,0.167989412,0,0,,,,0.167989412,0,25.41666667,2.166666667,3.25,0,0,0,43.48113109,0,0.0471000001,0,,,,,,,,,,,,
2026-04-09T23:35:15,V5,Vanish only,640,2,0.0001,20,4,12,0,1,0.0471,0.0156862745,0.5,15,1.5,3,5,1,0.5,20,1,0,0.167989412,1,0,,,,0.174378911,0,25.08333333,2.083333333,3.166666667,0,0,0,43.48597697,0,0.0471000001,0,,,,,,,,,,,,
2026-04-10T19:55:01,V6,Vanish only,640,4,0.0001,20,4,16,0,1,,,0.0392,0.0156862745,0.5,15,1.5,3,5,1,1,1,1,0,0.292776035,0,0,,,,0.292776035,0,12.5625,2.625,1.9375,0,0,0,43.03567961,0,0,0,,,,,,,,,,
2026-04-10T19:55:01,V6,Vanish only,640,4,0.0001,20,4,16,0,1,,,0.0392,0.0156862745,0.5,15,1.5,3,5,1,1,2,1,0,0.271333815,0,0,,,,0.271333815,0,12.75,2.875,2.875,0,0,0,42.69578667,0,0,0,,,,,,,,,,
2026-04-10T19:55:01,V6,Vanish only,640,4,0.0001,20,4,16,0,1,,,0.0392,0.0156862745,0.5,15,1.5,3,5,1,1,3,1,0,0.260022032,0,0,,,,0.260022032,0,14.1875,3.375,2.9375,0,0,0,42.52894892,0,0,0,,,,,,,,,,
2026-04-10T19:55:01,V6,Vanish only,640,4,0.0001,20,4,16,0,1,,,0.0392,0.0156862745,0.5,15,1.5,3,5,1,1,4,1,0,0.243010942,0,0,,,,0.243010942,0,14.625,4.0625,3.1875,0,0,0,42.47267969,0,0,0,,,,,,,,,,
2026-04-10T19:55:01,V6,Vanish only,640,4,0.0001,20,4,16,0,1,,,0.0392,0.0156862745,0.5,15,1.5,3,5,1,1,5,1,0,0.234455551,0,0,,,,0.234455551,0,16.6875,3.6875,2.625,0,0,0,42.4626148,0,0,0,,,,,,,,,,
2026-04-10T19:55:01,V6,Vanish only,640,4,0.0001,20,4,16,0,1,,,0.0392,0.0156862745,0.5,15,1.5,3,5,1,1,6,1,0,0.224454748,0,0,,,,0.224454748,0,17.125,3.25,3.3125,0,0,0,42.34005042,0,0,0,,,,,,,,,,
2026-04-10T19:55:01,V6,Vanish only,640,4,0.0001,20,4,16,0,1,,,0.0392,0.0156862745,0.5,15,1.5,3,5,1,1,7,1,0,0.218762533,0,0,,,,0.218762533,0,18,4.1875,3.6875,0,0,0,42.34550583,0,0,0,,,,,,,,,,
2026-04-10T19:55:01,V6,Vanish only,640,4,0.0001,20,4,16,0,1,,,0.0392,0.0156862745,0.5,15,1.5,3,5,1,1,8,1,0,0.213959837,0,0,,,,0.213959837,0,18.8125,3.125,3.1875,0,0,0,42.33343715,0,0,0,,,,,,,,,,
2026-04-10T19:55:01,V6,Vanish only,640,4,0.0001,20,4,16,0,1,,,0.0392,0.0156862745,0.5,15,1.5,3,5,1,1,9,1,0,0.205143961,0,0,,,,0.205143961,0,19.1875,2.75,3.4375,0,0,0,42.33357236,0,0,0,,,,,,,,,,
2026-04-10T19:55:01,V6,Vanish only,640,4,0.0001,20,4,16,0,1,,,0.0392,0.0156862745,0.5,15,1.5,3,5,1,1,10,1,0,0.193245214,0,0,,,,0.193245214,0,20.0625,3.0625,4.25,0,0,0,42.29084664,0,0,0,,,,,,,,,,
2026-04-10T19:55:01,V6,Vanish only,640,4,0.0001,20,4,16,0,1,,,0.0392,0.0156862745,0.5,15,1.5,3,5,1,1,11,1,0,0.193183909,0,0,,,,0.193183909,0,20.4375,2.875,3.5,0,0,0,42.33605913,0,0,0,,,,,,,,,,
2026-04-10T19:55:01,V6,Vanish only,640,4,0.0001,20,4,16,0,1,,,0.0392,0.0156862745,0.5,15,1.5,3,5,1,1,12,1,0,0.18858572,0,0,,,,0.18858572,0,20.3125,2.8125,3.5625,0,0,0,42.25755911,0,0,0,,,,,,,,,,
2026-04-10T19:55:01,V6,Vanish only,640,4,0.0001,20,4,16,0,1,,,0.0392,0.0156862745,0.5,15,1.5,3,5,1,1,13,1,0,0.183713341,0,0,,,,0.183713341,0,20.6875,2.8125,4.125,0,0,0,42.2796417,0,0,0,,,,,,,,,,
2026-04-10T19:55:01,V6,Vanish only,640,4,0.0001,20,4,16,0,1,,,0.0392,0.0156862745,0.5,15,1.5,3,5,1,1,14,1,0,0.174923657,0,0,,,,0.174923657,0,21.5,2.8125,4,0,0,0,42.1788709,0,0,0,,,,,,,,,,
2026-04-10T19:55:01,V6,Vanish only,640,4,0.0001,20,4,16,0,1,,,0.0392,0.0156862745,0.5,15,1.5,3,5,1,1,15,1,0,0.174503835,0,0,,,,0.174503835,0,21.3125,2.8125,3.75,0,0,0,42.24765736,0,0,0,,,,,,,,,,
2026-04-10T19:55:01,V6,Vanish only,640,4,0.0001,20,4,16,0,1,,,0.0392,0.0156862745,0.5,15,1.5,3,5,1,1,16,1,0,0.17391132,0,0,,,,0.17391132,0,22.25,1.9375,3.3125,0,0,0,42.23500999,0,0,0,,,,,,,,,,
2026-04-10T19:55:01,V6,Vanish only,640,4,0.0001,20,4,16,0,1,,,0.0392,0.0156862745,0.5,15,1.5,3,5,1,1,17,1,0,0.172650699,0,0,,,,0.172650699,0,21.5,2.4375,3.6875,0,0,0,42.26266517,0,0,0,,,,,,,,,,
2026-04-10T19:55:01,V6,Vanish only,640,4,0.0001,20,4,16,0,1,,,0.0392,0.0156862745,0.5,15,1.5,3,5,1,1,18,1,0,0.172650699,1,0,,,,0.174977872,0,22.1875,2.0625,3.3125,0,0,0,42.22570223,0,0,0,,,,,,,,,,
2026-04-10T19:55:01,V6,Vanish only,640,4,0.0001,20,4,16,0,1,,,0.0392,0.0156862745,0.5,15,1.5,3,5,1,1,19,1,0,0.172177961,0,0,,,,0.172177961,0,21.8125,2.5,3.3125,0,0,0,42.24915727,0,0,0,,,,,,,,,,
2026-04-10T19:55:01,V6,Vanish only,640,4,0.0001,20,4,16,0,1,,,0.0392,0.0156862745,0.5,15,1.5,3,5,1,1,20,1,0,0.170078026,0,0,,,,0.170078026,0,22.1875,2.4375,3.4375,0,0,0,42.17404901,0,0,0,,,,,,,,,,
2026-04-12T23:00:16,F0 ,Fabricate only,640,4,0.0001,20,4,16,0,1,0.062745098,0.0156862745,0.5,15,1.5,3,0,0,0,1,0,1,,,,16.58335054,0,0,0,16.58335054,0,0,0,5.625,4.1875,0.6875,0,36.90300042,0,0.0156862754,,,,,,,,,,,,
2026-04-12T23:00:16,F0 ,Fabricate only,640,4,0.0001,20,4,16,0,1,0.062745098,0.0156862745,0.5,15,1.5,3,0,0,0,2,0,1,,,,11.85470957,0,0,0,11.85470957,0,0,0,7.875,145.125,2,0,38.12878449,0,0.0156862754,,,,,,,,,,,,
2026-04-12T23:00:16,F0 ,Fabricate only,640,4,0.0001,20,4,16,0,1,0.062745098,0.0156862745,0.5,15,1.5,3,0,0,0,3,0,1,,,,10.58012265,0,0,0,10.58012265,0,0,0,8.6875,185.8125,1.9375,0,37.80819062,0,0.0156862754,,,,,,,,,,,,
2026-04-12T23:00:16,F0 ,Fabricate only,640,4,0.0001,20,4,16,0,1,0.062745098,0.0156862745,0.5,15,1.5,3,0,0,0,4,0,1,,,,9.874500573,0,0,0,9.874500573,0,0,0,10.8125,217.6875,2.125,0,37.08929755,0,0.0156862754,,,,,,,,,,,,
2026-04-12T23:00:16,F0 ,Fabricate only,640,4,0.0001,20,4,16,0,1,0.062745098,0.0156862745,0.5,15,1.5,3,0,0,0,5,0,1,,,,9.874500573,1,0,0,9.927497387,0,0,0,11.5,225.1875,2.125,0,37.09991675,0,0.0156862754,,,,,,,,,,,,
2026-04-12T23:00:16,F0 ,Fabricate only,640,4,0.0001,20,4,16,0,1,0.062745098,0.0156862745,0.5,15,1.5,3,0,0,0,6,0,1,,,,9.426843047,0,0,0,9.426843047,0,0,0,11.625,225.6875,2.25,0,37.12382308,0,0.0156862754,,,,,,,,,,,,
2026-04-12T23:00:16,F0 ,Fabricate only,640,4,0.0001,20,4,16,0,1,0.062745098,0.0156862745,0.5,15,1.5,3,0,0,0,7,0,1,,,,9.181996584,0,0,0,9.181996584,0,0,0,12.0625,228,2,0,37.03781823,0,0.0156862754,,,,,,,,,,,,
2026-04-12T23:00:16,F0 ,Fabricate only,640,4,0.0001,20,4,16,0,1,0.062745098,0.0156862745,0.5,15,1.5,3,0,0,0,8,0,1,,,,8.988419741,0,0,0,8.988419741,0,0,0,13.25,231.125,2,0,37.05578272,0,0.0156862754,,,,,,,,,,,,
2026-04-12T23:00:16,F0 ,Fabricate only,640,4,0.0001,20,4,16,0,1,0.062745098,0.0156862745,0.5,15,1.5,3,0,0,0,9,0,1,,,,8.945054024,0,0,0,8.945054024,0,0,0,13.875,234.5625,1.9375,0,37.04941602,0,0.0156862754,,,,,,,,,,,,
2026-04-12T23:00:16,F0 ,Fabricate only,640,4,0.0001,20,4,16,0,1,0.062745098,0.0156862745,0.5,15,1.5,3,0,0,0,10,0,1,,,,8.945054024,1,0,0,9.005494237,0,0,0,12.5625,231.5,2.25,0,37.03886655,0,0.0156862754,,,,,,,,,,,,
2026-04-12T23:00:16,F0 ,Fabricate only,640,4,0.0001,20,4,16,0,1,0.062745098,0.0156862745,0.5,15,1.5,3,0,0,0,11,0,1,,,,8.75630936,0,0,0,8.75630936,0,0,0,13.6875,234.625,2.125,0,37.00111618,0,0.0156862754,,,,,,,,,,,,
2026-04-12T23:00:16,F0 ,Fabricate only,640,4,0.0001,20,4,16,0,1,0.062745098,0.0156862745,0.5,15,1.5,3,0,0,0,12,0,1,,,,8.739561945,0,0,0,8.739561945,0,0,0,13.8125,237.875,2.5,0,37.01636461,0,0.0156862754,,,,,,,,,,,,
2026-04-12T23:00:16,F0 ,Fabricate only,640,4,0.0001,20,4,16,0,1,0.062745098,0.0156862745,0.5,15,1.5,3,0,0,0,13,0,1,,,,8.739561945,1,0,0,8.846598119,0,0,0,13.5,236.8125,2.5625,0,37.33474513,0,0.0156862754,,,,,,,,,,,,
2026-04-12T23:00:16,F0 ,Fabricate only,640,4,0.0001,20,4,16,0,1,0.062745098,0.0156862745,0.5,15,1.5,3,0,0,0,14,0,1,,,,8.571488291,0,0,0,8.571488291,0,0,0,14.3125,241.5,2.375,0,37.03052258,0,0.0156862754,,,,,,,,,,,,
2026-04-12T23:00:16,F0 ,Fabricate only,640,4,0.0001,20,4,16,0,1,0.062745098,0.0156862745,0.5,15,1.5,3,0,0,0,15,0,1,,,,8.567324877,0,0,0,8.567324877,0,0,0,15.0625,241.0625,2.5625,0,37.01801191,0,0.0156862754,,,,,,,,,,,,
2026-04-12T23:00:16,F0 ,Fabricate only,640,4,0.0001,20,4,16,0,1,0.062745098,0.0156862745,0.5,15,1.5,3,0,0,0,16,0,1,,,,8.52387771,0,0,0,8.52387771,0,0,0,15.1875,241.75,2.375,0,37.0958191,0,0.0156862754,,,,,,,,,,,,
2026-04-12T23:00:16,F0 ,Fabricate only,640,4,0.0001,20,4,16,0,1,0.062745098,0.0156862745,0.5,15,1.5,3,0,0,0,17,0,1,,,,8.52387771,1,0,0,8.606621295,0,0,0,15.375,241.25,2.4375,0,36.99554219,0,0.0156862754,,,,,,,,,,,,
2026-04-12T23:00:16,F0 ,Fabricate only,640,4,0.0001,20,4,16,0,1,0.062745098,0.0156862745,0.5,15,1.5,3,0,0,0,18,0,1,,,,8.52387771,2,0,0,9.041243166,0,0,0,14.6875,242.3125,2.3125,0,37.67599791,0,0.0156862754,,,,,,,,,,,,
2026-04-12T23:00:16,F0 ,Fabricate only,640,4,0.0001,20,4,16,0,1,0.062745098,0.0156862745,0.5,15,1.5,3,0,0,0,19,0,1,,,,8.353010356,0,0,0,8.353010356,0,0,0,15,243.4375,2.625,0,37.01781773,0,0.0156862754,,,,,,,,,,,,
2026-04-12T23:00:16,F0 ,Fabricate only,640,4,0.0001,20,4,16,0,1,0.062745098,0.0156862745,0.5,15,1.5,3,0,0,0,20,0,1,,,,8.353010356,1,0,0,8.458766639,0,0,0,14.6875,240.125,2.625,0,37.01273009,0,0.0156862754,,,,,,,,,,,,
2026-04-14T13:35:13,F1 ,Fabricate only,640,4,0.0001,20,4,16,0,1,0.062745098,0.0117647059,0.5,15,1.5,3,0,0,0,1,0,1,,,,15.72911441,0,0,0,15.72911441,0,0,0,3.625,1.875,0.625,0,39.52109408,0,0.0117647061,,,,,,,,,,,,
2026-04-14T13:35:13,F1 ,Fabricate only,640,4,0.0001,20,4,16,0,1,0.062745098,0.0117647059,0.5,15,1.5,3,0,0,0,2,0,1,,,,12.88287586,0,0,0,12.88287586,0,0,0,5.5625,60,1.25,0,39.58029059,0,0.0117647061,,,,,,,,,,,,
2026-04-14T13:35:13,F1 ,Fabricate only,640,4,0.0001,20,4,16,0,1,0.062745098,0.0117647059,0.5,15,1.5,3,0,0,0,3,0,1,,,,12.04837644,0,0,0,12.04837644,0,0,0,6.375,101.6875,1.75,0,39.55921625,0,0.0117647061,,,,,,,,,,,,
2026-04-14T13:35:13,F1 ,Fabricate only,640,4,0.0001,20,4,16,0,1,0.062745098,0.0117647059,0.5,15,1.5,3,0,0,0,4,0,1,,,,11.47197211,0,0,0,11.47197211,0,0,0,7.125,126.125,1.75,0,39.84961375,0,0.0117647061,,,,,,,,,,,,
2026-04-14T13:35:13,F1 ,Fabricate only,640,4,0.0001,20,4,16,0,1,0.062745098,0.0117647059,0.5,15,1.5,3,0,0,0,5,0,1,,,,11.22386432,0,0,0,11.22386432,0,0,0,7.375,138.625,2.0625,0,39.49464445,0,0.0117647061,,,,,,,,,,,,
2026-04-14T13:35:13,F1 ,Fabricate only,640,4,0.0001,20,4,16,0,1,0.062745098,0.0117647059,0.5,15,1.5,3,0,0,0,6,0,1,,,,10.88468063,0,0,0,10.88468063,0,0,0,8,167.6875,2.1875,0,39.74180904,0,0.0117647061,,,,,,,,,,,,
2026-04-14T13:35:13,F1 ,Fabricate only,640,4,0.0001,20,4,16,0,1,0.062745098,0.0117647059,0.5,15,1.5,3,0,0,0,7,0,1,,,,10.63457841,0,0,0,10.63457841,0,0,0,7.625,165.5,2.25,0,39.46073343,0,0.0117647061,,,,,,,,,,,,
2026-04-14T13:35:13,F1 ,Fabricate only,640,4,0.0001,20,4,16,0,1,0.062745098,0.0117647059,0.5,15,1.5,3,0,0,0,8,0,1,,,,10.54345214,0,0,0,10.54345214,0,0,0,8.1875,177.8125,2.375,0,39.48771829,0,0.0117647061,,,,,,,,,,,,
2026-04-14T13:35:13,F1 ,Fabricate only,640,4,0.0001,20,4,16,0,1,0.062745098,0.0117647059,0.5,15,1.5,3,0,0,0,9,0,1,,,,10.49947613,0,0,0,10.49947613,0,0,0,8,190.1875,2.375,0,39.83973246,0,0.0117647061,,,,,,,,,,,,
2026-04-14T13:35:13,F1 ,Fabricate only,640,4,0.0001,20,4,16,0,1,0.062745098,0.0117647059,0.5,15,1.5,3,0,0,0,10,0,1,,,,10.37594348,0,0,0,10.37594348,0,0,0,8.125,190.375,2.125,0,39.46804808,0,0.0117647061,,,,,,,,,,,,
2026-04-14T13:35:13,F1 ,Fabricate only,640,4,0.0001,20,4,16,0,1,0.062745098,0.0117647059,0.5,15,1.5,3,0,0,0,11,0,1,,,,10.36178929,0,0,0,10.36178929,0,0,0,8.75,195.625,2.125,0,39.72966521,0,0.0117647061,,,,,,,,,,,,
2026-04-14T13:35:13,F1 ,Fabricate only,640,4,0.0001,20,4,16,0,1,0.062745098,0.0117647059,0.5,15,1.5,3,0,0,0,12,0,1,,,,10.17457402,0,0,0,10.17457402,0,0,0,8.5,197.4375,2.1875,0,39.47064291,0,0.0117647061,,,,,,,,,,,,
2026-04-14T13:35:13,F1 ,Fabricate only,640,4,0.0001,20,4,16,0,1,0.062745098,0.0117647059,0.5,15,1.5,3,0,0,0,13,0,1,,,,10.17457402,1,0,0,10.31863666,0,0,0,8.9375,182.8125,2.125,0,39.43527733,0,0.0117647061,,,,,,,,,,,,
2026-04-14T13:35:13,F1 ,Fabricate only,640,4,0.0001,20,4,16,0,1,0.062745098,0.0117647059,0.5,15,1.5,3,0,0,0,14,0,1,,,,10.09081048,0,0,0,10.09081048,0,0,0,9.5625,205.0625,2.1875,0,39.44970613,0,0.0117647061,,,,,,,,,,,,
2026-04-14T13:35:13,F1 ,Fabricate only,640,4,0.0001,20,4,16,0,1,0.062745098,0.0117647059,0.5,15,1.5,3,0,0,0,15,0,1,,,,10.08183897,0,0,0,10.08183897,0,0,0,9.5,203.75,2.0625,0,39.43431622,0,0.0117647061,,,,,,,,,,,,
2026-04-14T13:35:13,F1 ,Fabricate only,640,4,0.0001,20,4,16,0,1,0.062745098,0.0117647059,0.5,15,1.5,3,0,0,0,16,0,1,,,,10.08183897,1,0,0,10.11205637,0,0,0,9.375,205.0625,1.9375,0,39.452652,0,0.0117647061,,,,,,,,,,,,
2026-04-14T13:35:13,F1 ,Fabricate only,640,4,0.0001,20,4,16,0,1,0.062745098,0.0117647059,0.5,15,1.5,3,0,0,0,17,0,1,,,,10.08183897,2,0,0,10.09566844,0,0,0,10,204.75,1.75,0,39.41794635,0,0.0117647061,,,,,,,,,,,,
2026-04-14T13:35:13,F1 ,Fabricate only,640,4,0.0001,20,4,16,0,1,0.062745098,0.0117647059,0.5,15,1.5,3,0,0,0,18,0,1,,,,9.998783469,0,0,0,9.998783469,0,0,0,10.0625,209.5625,1.75,0,39.44270734,0,0.0117647061,,,,,,,,,,,,
2026-04-14T13:35:13,F1 ,Fabricate only,640,4,0.0001,20,4,16,0,1,0.062745098,0.0117647059,0.5,15,1.5,3,0,0,0,19,0,1,,,,9.89294523,0,0,0,9.89294523,0,0,0,9.6875,211.625,1.8125,0,39.454867,0,0.0117647061,,,,,,,,,,,,
2026-04-14T13:35:13,F1 ,Fabricate only,640,4,0.0001,20,4,16,0,1,0.062745098,0.0117647059,0.5,15,1.5,3,0,0,0,20,0,1,,,,9.89294523,1,0,0,10.01181901,0,0,0,10.5,207,1.9375,0,39.41916496,0,0.0117647061,,,,,,,,,,,,
2026-04-14T17:58:17,F1_1 ,Fabricate only,640,4,0.0001,20,4,16,0,1,0.062745098,0.0117647059,0.5,12,1.2,2.5,0,0,0,1,0,1,,,,16.16653723,0,0,0,16.16653723,0,0,0,3.875,3.3125,0.75,0,39.22210604,0,0.0117647061,,,,,,,,,,,,
2026-04-14T17:58:17,F1_1 ,Fabricate only,640,4,0.0001,20,4,16,0,1,0.062745098,0.0117647059,0.5,12,1.2,2.5,0,0,0,2,0,1,,,,11.99653202,0,0,0,11.99653202,0,0,0,6.8125,99.625,1.5,0,40.0507159,0,0.0117647061,,,,,,,,,,,,
2026-04-14T17:58:17,F1_1 ,Fabricate only,640,4,0.0001,20,4,16,0,1,0.062745098,0.0117647059,0.5,12,1.2,2.5,0,0,0,3,0,1,,,,11.35119301,0,0,0,11.35119301,0,0,0,6.5625,135.3125,2.3125,0,39.53255559,0,0.0117647061,,,,,,,,,,,,
2026-04-14T17:58:17,F1_1 ,Fabricate only,640,4,0.0001,20,4,16,0,1,0.062745098,0.0117647059,0.5,12,1.2,2.5,0,0,0,4,0,1,,,,10.84772241,0,0,0,10.84772241,0,0,0,6.875,142.875,2.4375,0,40.16377692,0,0.0117647061,,,,,,,,,,,,
2026-04-14T17:58:17,F1_1 ,Fabricate only,640,4,0.0001,20,4,16,0,1,0.062745098,0.0117647059,0.5,12,1.2,2.5,0,0,0,5,0,1,,,,10.51442105,0,0,0,10.51442105,0,0,0,7.125,166.875,2.5625,0,40.19167254,0,0.0117647061,,,,,,,,,,,,
2026-04-14T17:58:17,F1_1 ,Fabricate only,640,4,0.0001,20,4,16,0,1,0.062745098,0.0117647059,0.5,12,1.2,2.5,0,0,0,6,0,1,,,,10.32895869,0,0,0,10.32895869,0,0,0,8.6875,178.6875,2.375,0,40.03792196,0,0.0117647061,,,,,,,,,,,,
2026-04-14T17:58:17,F1_1 ,Fabricate only,640,4,0.0001,20,4,16,0,1,0.062745098,0.0117647059,0.5,12,1.2,2.5,0,0,0,7,0,1,,,,10.06260979,0,0,0,10.06260979,0,0,0,8.625,192.375,2.3125,0,40.07689077,0,0.0117647061,,,,,,,,,,,,
2026-04-14T17:58:17,F1_1 ,Fabricate only,640,4,0.0001,20,4,16,0,1,0.062745098,0.0117647059,0.5,12,1.2,2.5,0,0,0,8,0,1,,,,9.95186311,0,0,0,9.95186311,0,0,0,8.25,187.0625,2.5625,0,40.09196274,0,0.0117647061,,,,,,,,,,,,
2026-04-14T17:58:17,F1_1 ,Fabricate only,640,4,0.0001,20,4,16,0,1,0.062745098,0.0117647059,0.5,12,1.2,2.5,0,0,0,9,0,1,,,,9.857151091,0,0,0,9.857151091,0,0,0,8.25,198.8125,2.4375,0,40.02021565,0,0.0117647061,,,,,,,,,,,,
2026-04-14T17:58:17,F1_1 ,Fabricate only,640,4,0.0001,20,4,16,0,1,0.062745098,0.0117647059,0.5,12,1.2,2.5,0,0,0,10,0,1,,,,9.793256164,0,0,0,9.793256164,0,0,0,8.5625,201.4375,2.1875,0,39.91003827,0,0.0117647061,,,,,,,,,,,,
2026-04-14T17:58:17,F1_1 ,Fabricate only,640,4,0.0001,20,4,16,0,1,0.062745098,0.0117647059,0.5,12,1.2,2.5,0,0,0,11,0,1,,,,9.699024618,0,0,0,9.699024618,0,0,0,9.375,209.75,2.3125,0,39.51809035,0,0.0117647061,,,,,,,,,,,,
2026-04-14T17:58:17,F1_1 ,Fabricate only,640,4,0.0001,20,4,16,0,1,0.062745098,0.0117647059,0.5,12,1.2,2.5,0,0,0,12,0,1,,,,9.699024618,1,0,0,9.874018133,0,0,0,9,202.375,2.3125,0,40.12672861,0,0.0117647061,,,,,,,,,,,,
2026-04-14T17:58:17,F1_1 ,Fabricate only,640,4,0.0001,20,4,16,0,1,0.062745098,0.0117647059,0.5,12,1.2,2.5,0,0,0,13,0,1,,,,9.691223562,0,0,0,9.691223562,0,0,0,9.3125,210.125,2.5,0,40.16878155,0,0.0117647061,,,,,,,,,,,,
2026-04-14T17:58:17,F1_1 ,Fabricate only,640,4,0.0001,20,4,16,0,1,0.062745098,0.0117647059,0.5,12,1.2,2.5,0,0,0,14,0,1,,,,9.624589771,0,0,0,9.624589771,0,0,0,9.75,211.875,2.4375,0,39.65099327,0,0.0117647061,,,,,,,,,,,,
2026-04-14T17:58:17,F1_1 ,Fabricate only,640,4,0.0001,20,4,16,0,1,0.062745098,0.0117647059,0.5,12,1.2,2.5,0,0,0,15,0,1,,,,9.624589771,1,0,0,9.629760683,0,0,0,9.375,207.5,2.25,0,39.71445862,0,0.0117647061,,,,,,,,,,,,
2026-04-14T17:58:17,F1_1 ,Fabricate only,640,4,0.0001,20,4,16,0,1,0.062745098,0.0117647059,0.5,12,1.2,2.5,0,0,0,16,0,1,,,,9.426065624,0,0,0,9.426065624,0,0,0,9.9375,214.6875,2.375,0,39.4938394,0,0.0117647061,,,,,,,,,,,,
2026-04-14T17:58:17,F1_1 ,Fabricate only,640,4,0.0001,20,4,16,0,1,0.062745098,0.0117647059,0.5,12,1.2,2.5,0,0,0,17,0,1,,,,9.426065624,1,0,0,9.492443651,0,0,0,9.6875,208.875,2.25,0,39.47881128,0,0.0117647061,,,,,,,,,,,,
2026-04-14T17:58:17,F1_1 ,Fabricate only,640,4,0.0001,20,4,16,0,1,0.062745098,0.0117647059,0.5,12,1.2,2.5,0,0,0,18,0,1,,,,9.41277656,0,0,0,9.41277656,0,0,0,10.75,220.3125,2.5625,0,39.73774436,0,0.0117647061,,,,,,,,,,,,
2026-04-14T17:58:17,F1_1 ,Fabricate only,640,4,0.0001,20,4,16,0,1,0.062745098,0.0117647059,0.5,12,1.2,2.5,0,0,0,19,0,1,,,,9.398245692,0,0,0,9.398245692,0,0,0,9.6875,217.125,2.375,0,40.06365566,0,0.0117647061,,,,,,,,,,,,
2026-04-14T17:58:17,F1_1 ,Fabricate only,640,4,0.0001,20,4,16,0,1,0.062745098,0.0117647059,0.5,12,1.2,2.5,0,0,0,20,0,1,,,,9.335874885,0,0,0,9.335874885,0,0,0,10.8125,217.625,2.4375,0,40.0023854,0,0.0117647061,,,,,,,,,,,,
2026-04-15T21:49:54,F1_2,Fabricate only,640,4,0.0001,30,6,16,0,1,0.062745098,0.0117647059,0.5,10,1,2,0,0,0,1,0,1,,,,16.26690936,0,0,0,16.26690936,0,0,0,4,3.125,0.6875,0,39.30742331,0,0.0117647061,,,,,,,,,,,,
2026-04-15T21:49:54,F1_2,Fabricate only,640,4,0.0001,30,6,16,0,1,0.062745098,0.0117647059,0.5,10,1,2,0,0,0,2,0,1,,,,12.61958778,0,0,0,12.61958778,0,0,0,6.0625,72.8125,1.3125,0,40.99941965,0,0.0117647061,,,,,,,,,,,,
2026-04-15T21:49:54,F1_2,Fabricate only,640,4,0.0001,30,6,16,0,1,0.062745098,0.0117647059,0.5,10,1,2,0,0,0,3,0,1,,,,11.42565405,0,0,0,11.42565405,0,0,0,7.1875,127.625,1.625,0,40.31904837,0,0.0117647061,,,,,,,,,,,,
2026-04-15T21:49:54,F1_2,Fabricate only,640,4,0.0001,30,6,16,0,1,0.062745098,0.0117647059,0.5,10,1,2,0,0,0,4,0,1,,,,11.13149905,0,0,0,11.13149905,0,0,0,7.625,150.9375,2.25,0,40.01560808,0,0.0117647061,,,,,,,,,,,,
2026-04-15T21:49:54,F1_2,Fabricate only,640,4,0.0001,30,6,16,0,1,0.062745098,0.0117647059,0.5,10,1,2,0,0,0,5,0,1,,,,10.70388573,0,0,0,10.70388573,0,0,0,7.5,169.4375,1.9375,0,40.22875557,0,0.0117647061,,,,,,,,,,,,
2026-04-15T21:49:54,F1_2,Fabricate only,640,4,0.0001,30,6,16,0,1,0.062745098,0.0117647059,0.5,10,1,2,0,0,0,6,0,1,,,,10.70388573,1,0,0,10.78311217,0,0,0,7.3125,163.1875,2.0625,0,40.69763181,0,0.0117647061,,,,,,,,,,,,
2026-04-15T21:49:54,F1_2,Fabricate only,640,4,0.0001,30,6,16,0,1,0.062745098,0.0117647059,0.5,10,1,2,0,0,0,7,0,1,,,,10.68970758,0,0,0,10.68970758,0,0,0,7.3125,179.25,2.3125,0,40.71286691,0,0.0117647061,,,,,,,,,,,,
2026-04-15T21:49:54,F1_2,Fabricate only,640,4,0.0001,30,6,16,0,1,0.062745098,0.0117647059,0.5,10,1,2,0,0,0,8,0,1,,,,10.35557401,0,0,0,10.35557401,0,0,0,7.875,194.625,2.375,0,40.14681718,0,0.0117647061,,,,,,,,,,,,
2026-04-15T21:49:54,F1_2,Fabricate only,640,4,0.0001,30,6,16,0,1,0.062745098,0.0117647059,0.5,10,1,2,0,0,0,9,0,1,,,,10.30598146,0,0,0,10.30598146,0,0,0,9.25,201.3125,1.8125,0,40.35538989,0,0.0117647061,,,,,,,,,,,,
2026-04-15T21:49:54,F1_2,Fabricate only,640,4,0.0001,30,6,16,0,1,0.062745098,0.0117647059,0.5,10,1,2,0,0,0,10,0,1,,,,10.30598146,1,0,0,11.16609615,0,0,0,7.6875,176,2.1875,0,40.95469489,0,0.0117647061,,,,,,,,,,,,
2026-04-15T21:49:54,F1_2,Fabricate only,640,4,0.0001,30,6,16,0,1,0.062745098,0.0117647059,0.5,10,1,2,0,0,0,11,0,1,,,,10.13003635,0,0,0,10.13003635,0,0,0,8.5,202.8125,2.25,0,39.91381279,0,0.0117647061,,,,,,,,,,,,
2026-04-15T21:49:54,F1_2,Fabricate only,640,4,0.0001,30,6,16,0,1,0.062745098,0.0117647059,0.5,10,1,2,0,0,0,12,0,1,,,,10.13003635,1,0,0,10.20800698,0,0,0,9.4375,209.375,1.8125,0,40.05064144,0,0.0117647061,,,,,,,,,,,,
2026-04-15T21:49:54,F1_2,Fabricate only,640,4,0.0001,30,6,16,0,1,0.062745098,0.0117647059,0.5,10,1,2,0,0,0,13,0,1,,,,10.13003635,2,0,0,10.24991339,0,0,0,8.625,198.5,2.0625,0,40.13716797,0,0.0117647061,,,,,,,,,,,,
2026-04-15T21:49:54,F1_2,Fabricate only,640,4,0.0001,30,6,16,0,1,0.062745098,0.0117647059,0.5,10,1,2,0,0,0,14,0,1,,,,9.997732401,0,0,0,9.997732401,0,0,0,9.3125,215.8125,2.375,0,40.11740505,0,0.0117647061,,,,,,,,,,,,
2026-04-15T21:49:54,F1_2,Fabricate only,640,4,0.0001,30,6,16,0,1,0.062745098,0.0117647059,0.5,10,1,2,0,0,0,15,0,1,,,,9.997732401,1,0,0,10.06311667,0,0,0,9.375,219.9375,2.3125,0,40.37091277,0,0.0117647061,,,,,,,,,,,,
2026-04-15T21:49:54,F1_2,Fabricate only,640,4,0.0001,30,6,16,0,1,0.062745098,0.0117647059,0.5,10,1,2,0,0,0,16,0,1,,,,9.917129576,0,0,0,9.917129576,0,0,0,9.5,219.9375,2.4375,0,39.9868589,0,0.0117647061,,,,,,,,,,,,
2026-04-15T21:49:54,F1_2,Fabricate only,640,4,0.0001,30,6,16,0,1,0.062745098,0.0117647059,0.5,10,1,2,0,0,0,17,0,1,,,,9.896141231,0,0,0,9.896141231,0,0,0,8.9375,219.6875,2.3125,0,39.91076534,0,0.0117647061,,,,,,,,,,,,
2026-04-15T21:49:54,F1_2,Fabricate only,640,4,0.0001,30,6,16,0,1,0.062745098,0.0117647059,0.5,10,1,2,0,0,0,18,0,1,,,,9.896141231,1,0,0,9.994661152,0,0,0,9.625,218.5,2.5,0,40.19246431,0,0.0117647061,,,,,,,,,,,,
2026-04-15T21:49:54,F1_2,Fabricate only,640,4,0.0001,30,6,16,0,1,0.062745098,0.0117647059,0.5,10,1,2,0,0,0,19,0,1,,,,9.814503074,0,0,0,9.814503074,0,0,0,9.5625,219.8125,2.375,0,39.57966315,0,0.0117647061,,,,,,,,,,,,
2026-04-15T21:49:54,F1_2,Fabricate only,640,4,0.0001,30,6,16,0,1,0.062745098,0.0117647059,0.5,10,1,2,0,0,0,20,0,1,,,,9.814503074,1,0,0,10.16742796,0,0,0,8.1875,209.8125,2.25,0,40.05948342,0,0.0117647061,,,,,,,,,,,,
2026-04-15T21:49:54,F1_2,Fabricate only,640,4,0.0001,30,6,16,0,1,0.062745098,0.0117647059,0.5,10,1,2,0,0,0,21,0,1,,,,9.672931254,0,0,0,9.672931254,0,0,0,9.5,210.1875,2.4375,0,39.80358995,0,0.0117647061,,,,,,,,,,,,
2026-04-15T21:49:54,F1_2,Fabricate only,640,4,0.0001,30,6,16,0,1,0.062745098,0.0117647059,0.5,10,1,2,0,0,0,22,0,1,,,,9.672931254,1,0,0,9.801590264,0,0,0,10.9375,221,2.25,0,39.94563846,0,0.0117647061,,,,,,,,,,,,
2026-04-15T21:49:54,F1_2,Fabricate only,640,4,0.0001,30,6,16,0,1,0.062745098,0.0117647059,0.5,10,1,2,0,0,0,23,0,1,,,,9.612272561,0,0,0,9.612272561,0,0,0,9.75,215.9375,2.5,0,39.50950516,0,0.0117647061,,,,,,,,,,,,
2026-04-15T21:49:54,F1_2,Fabricate only,640,4,0.0001,30,6,16,0,1,0.062745098,0.0117647059,0.5,10,1,2,0,0,0,24,0,1,,,,9.547025919,0,0,0,9.547025919,0,0,0,9.3125,215.4375,2.4375,0,39.46545894,0,0.0117647061,,,,,,,,,,,,
2026-04-15T21:49:54,F1_2,Fabricate only,640,4,0.0001,30,6,16,0,1,0.062745098,0.0117647059,0.5,10,1,2,0,0,0,25,0,1,,,,9.507027835,0,0,0,9.507027835,0,0,0,10.1875,218.875,2.375,0,39.48344477,0,0.0117647061,,,,,,,,,,,,
2026-04-15T21:49:54,F1_2,Fabricate only,640,4,0.0001,30,6,16,0,1,0.062745098,0.0117647059,0.5,10,1,2,0,0,0,26,0,1,,,,9.507027835,1,0,0,9.528790534,0,0,0,10.1875,221.3125,2.4375,0,39.46253934,0,0.0117647061,,,,,,,,,,,,
2026-04-15T21:49:54,F1_2,Fabricate only,640,4,0.0001,30,6,16,0,1,0.062745098,0.0117647059,0.5,10,1,2,0,0,0,27,0,1,,,,9.507027835,2,0,0,9.524333656,0,0,0,9.625,217.5,2.375,0,39.66642062,0,0.0117647061,,,,,,,,,,,,
2026-04-15T21:49:54,F1_2,Fabricate only,640,4,0.0001,30,6,16,0,1,0.062745098,0.0117647059,0.5,10,1,2,0,0,0,28,0,1,,,,9.507027835,3,0,0,9.6739223,0,0,0,9.125,211.5625,2.1875,0,39.4285162,0,0.0117647061,,,,,,,,,,,,
2026-04-15T21:49:54,F1_2,Fabricate only,640,4,0.0001,30,6,16,0,1,0.062745098,0.0117647059,0.5,10,1,2,0,0,0,29,0,1,,,,9.436220765,0,0,0,9.436220765,0,0,0,10.3125,220.5,2.375,0,39.45661887,0,0.0117647061,,,,,,,,,,,,
2026-04-15T21:49:54,F1_2,Fabricate only,640,4,0.0001,30,6,16,0,1,0.062745098,0.0117647059,0.5,10,1,2,0,0,0,30,0,1,,,,9.396029681,0,0,0,9.396029681,0,0,0,10.5625,222.125,2.375,0,39.46813925,0,0.0117647061,,,,,,,,,,,,
2026-04-20T19:23:15,F2,Fabricate only,640,4,0.0001,30,6,16,0,1,0.062745098,0.00784313725,0.5,10,1,2,0,0,0,1,0,1,,,,15.82450253,0,0,0,15.82450253,0,0,0,3.125,1.4375,0.4375,0,42.58577144,0,0.00784313772,,,,,,,,,,,,
2026-04-20T19:24:58,F2,Fabricate only,640,4,0.0001,30,6,16,0,1,0.062745098,0.00784313725,0.5,10,1,2,0,0,0,1,0,1,,,,16.02485281,0,0,0,16.02485281,0,0,0,2.625,1.5625,0.5,0,42.73085349,0,0.00784313772,,,,,,,,,,,,
2026-04-20T19:23:15,F2,Fabricate only,640,4,0.0001,30,6,16,0,1,0.062745098,0.00784313725,0.5,10,1,2,0,0,0,2,0,1,,,,14.5373103,0,0,0,14.5373103,0,0,0,2.875,25.375,1.0625,0,43.07804484,0,0.00784313772,,,,,,,,,,,,
2026-04-20T19:24:58,F2,Fabricate only,640,4,0.0001,30,6,16,0,1,0.062745098,0.00784313725,0.5,10,1,2,0,0,0,2,0,1,,,,14.4180516,0,0,0,14.4180516,0,0,0,3.0625,23.3125,1.3125,0,43.17052383,0,0.00784313772,,,,,,,,,,,,
2026-04-20T19:24:58,F2,Fabricate only,640,4,0.0001,30,6,16,0,1,0.062745098,0.00784313725,0.5,10,1,2,0,0,0,3,0,1,,,,13.81683499,0,0,0,13.81683499,0,0,0,3.4375,35.8125,1.0625,0,43.1016829,0,0.00784313772,,,,,,,,,,,,
2026-04-20T19:23:15,F2,Fabricate only,640,4,0.0001,30,6,16,0,1,0.062745098,0.00784313725,0.5,10,1,2,0,0,0,3,0,1,,,,13.75207406,0,0,0,13.75207406,0,0,0,3.6875,31,1.1875,0,42.95576907,0,0.00784313772,,,,,,,,,,,,
2026-04-20T19:24:58,F2,Fabricate only,640,4,0.0001,30,6,16,0,1,0.062745098,0.00784313725,0.5,10,1,2,0,0,0,4,0,1,,,,13.40957624,0,0,0,13.40957624,0,0,0,4.375,46.9375,0.9375,0,42.95385381,0,0.00784313772,,,,,,,,,,,,
2026-04-20T19:23:15,F2,Fabricate only,640,4,0.0001,30,6,16,0,1,0.062745098,0.00784313725,0.5,10,1,2,0,0,0,4,0,1,,,,13.54282624,0,0,0,13.54282624,0,0,0,3.875,39.1875,1.25,0,42.94646689,0,0.00784313772,,,,,,,,,,,,
2026-04-20T19:24:58,F2,Fabricate only,640,4,0.0001,30,6,16,0,1,0.062745098,0.00784313725,0.5,10,1,2,0,0,0,5,0,1,,,,13.1811285,0,0,0,13.1811285,0,0,0,4.375,56.5,0.9375,0,42.92520908,0,0.00784313772,,,,,,,,,,,,
2026-04-20T19:23:15,F2,Fabricate only,640,4,0.0001,30,6,16,0,1,0.062745098,0.00784313725,0.5,10,1,2,0,0,0,5,0,1,,,,13.1685577,0,0,0,13.1685577,0,0,0,4.625,55,1,0,42.91099707,0,0.00784313772,,,,,,,,,,,,
2026-04-20T19:24:58,F2,Fabricate only,640,4,0.0001,30,6,16,0,1,0.062745098,0.00784313725,0.5,10,1,2,0,0,0,6,0,1,,,,13.06333572,0,0,0,13.06333572,0,0,0,4.6875,60.3125,0.875,0,42.91239997,0,0.00784313772,,,,,,,,,,,,
2026-04-20T19:23:15,F2,Fabricate only,640,4,0.0001,30,6,16,0,1,0.062745098,0.00784313725,0.5,10,1,2,0,0,0,6,0,1,,,,13.08524334,0,0,0,13.08524334,0,0,0,4.6875,57.875,0.9375,0,42.89897756,0,0.00784313772,,,,,,,,,,,,
2026-04-20T19:24:58,F2,Fabricate only,640,4,0.0001,30,6,16,0,1,0.062745098,0.00784313725,0.5,10,1,2,0,0,0,7,0,1,,,,12.98828721,0,0,0,12.98828721,0,0,0,4.625,66.875,0.9375,0,42.88037618,0,0.00784313772,,,,,,,,,,,,
2026-04-20T19:23:15,F2,Fabricate only,640,4,0.0001,30,6,16,0,1,0.062745098,0.00784313725,0.5,10,1,2,0,0,0,7,0,1,,,,12.84969687,0,0,0,12.84969687,0,0,0,4.8125,71.9375,0.875,0,43.28600398,0,0.00784313772,,,,,,,,,,,,
2026-04-20T19:24:58,F2,Fabricate only,640,4,0.0001,30,6,16,0,1,0.062745098,0.00784313725,0.5,10,1,2,0,0,0,8,0,1,,,,12.92606962,0,0,0,12.92606962,0,0,0,4.9375,69.5,0.75,0,42.90147014,0,0.00784313772,,,,,,,,,,,,
2026-04-20T19:23:15,F2,Fabricate only,640,4,0.0001,30,6,16,0,1,0.062745098,0.00784313725,0.5,10,1,2,0,0,0,8,0,1,,,,12.73307019,0,0,0,12.73307019,0,0,0,5.25,80.75,1.1875,0,43.3376149,0,0.00784313772,,,,,,,,,,,,
2026-04-20T19:24:58,F2,Fabricate only,640,4,0.0001,30,6,16,0,1,0.062745098,0.00784313725,0.5,10,1,2,0,0,0,9,0,1,,,,12.75555509,0,0,0,12.75555509,0,0,0,4.6875,71.75,1.125,0,42.98738398,0,0.00784313772,,,,,,,,,,,,
2026-04-20T19:23:15,F2,Fabricate only,640,4,0.0001,30,6,16,0,1,0.062745098,0.00784313725,0.5,10,1,2,0,0,0,9,0,1,,,,12.73307019,1,0,0,12.8336904,0,0,0,5.1875,73.5,1.0625,0,43.41468044,0,0.00784313772,,,,,,,,,,,,
2026-04-20T19:24:58,F2,Fabricate only,640,4,0.0001,30,6,16,0,1,0.062745098,0.00784313725,0.5,10,1,2,0,0,0,10,0,1,,,,12.75555509,1,0,0,12.83047462,0,0,0,4.75,67.5625,1.0625,0,42.87823262,0,0.00784313772,,,,,,,,,,,,
2026-04-20T19:23:15,F2,Fabricate only,640,4,0.0001,30,6,16,0,1,0.062745098,0.00784313725,0.5,10,1,2,0,0,0,10,0,1,,,,12.73307019,2,0,0,12.73504049,0,0,0,4.75,67.375,1.125,0,42.89057168,0,0.00784313772,,,,,,,,,,,,
2026-04-20T19:24:58,F2,Fabricate only,640,4,0.0001,30,6,16,0,1,0.062745098,0.00784313725,0.5,10,1,2,0,0,0,11,0,1,,,,12.48353922,0,0,0,12.48353922,0,0,0,5,84.4375,0.875,0,42.85396107,0,0.00784313772,,,,,,,,,,,,
2026-04-20T19:23:15,F2,Fabricate only,640,4,0.0001,30,6,16,0,1,0.062745098,0.00784313725,0.5,10,1,2,0,0,0,11,0,1,,,,12.54599023,0,0,0,12.54599023,0,0,0,5.125,83.6875,1.1875,0,42.90899493,0,0.00784313772,,,,,,,,,,,,
2026-04-20T19:24:58,F2,Fabricate only,640,4,0.0001,30,6,16,0,1,0.062745098,0.00784313725,0.5,10,1,2,0,0,0,12,0,1,,,,12.46496224,0,0,0,12.46496224,0,0,0,5.375,77.375,1.0625,0,42.88708152,0,0.00784313772,,,,,,,,,,,,
2026-04-20T19:23:15,F2,Fabricate only,640,4,0.0001,30,6,16,0,1,0.062745098,0.00784313725,0.5,10,1,2,0,0,0,12,0,1,,,,12.52788103,0,0,0,12.52788103,0,0,0,5.1875,85,1.1875,0,42.85598922,0,0.00784313772,,,,,,,,,,,,
2026-04-20T19:24:58,F2,Fabricate only,640,4,0.0001,30,6,16,0,1,0.062745098,0.00784313725,0.5,10,1,2,0,0,0,13,0,1,,,,12.46496224,1,0,0,12.55840325,0,0,0,4.6875,76.125,1.3125,0,42.87035035,0,0.00784313772,,,,,,,,,,,,
2026-04-20T19:23:15,F2,Fabricate only,640,4,0.0001,30,6,16,0,1,0.062745098,0.00784313725,0.5,10,1,2,0,0,0,13,0,1,,,,12.50455588,0,0,0,12.50455588,0,0,0,5.5,81.9375,1.125,0,42.84801922,0,0.00784313772,,,,,,,,,,,,
2026-04-20T19:24:58,F2,Fabricate only,640,4,0.0001,30,6,16,0,1,0.062745098,0.00784313725,0.5,10,1,2,0,0,0,14,0,1,,,,12.32809573,0,0,0,12.32809573,0,0,0,5.625,86,1.25,0,42.86986378,0,0.00784313772,,,,,,,,,,,,
2026-04-20T19:23:15,F2,Fabricate only,640,4,0.0001,30,6,16,0,1,0.062745098,0.00784313725,0.5,10,1,2,0,0,0,14,0,1,,,,12.39651382,0,0,0,12.39651382,0,0,0,5.6875,90.8125,1.0625,0,42.87103359,0,0.00784313772,,,,,,,,,,,,
2026-04-20T19:24:58,F2,Fabricate only,640,4,0.0001,30,6,16,0,1,0.062745098,0.00784313725,0.5,10,1,2,0,0,0,15,0,1,,,,12.32809573,1,0,0,12.84650505,0,0,0,5.625,80.125,1.0625,0,43.51303589,0,0.00784313772,,,,,,,,,,,,
2026-04-20T19:23:15,F2,Fabricate only,640,4,0.0001,30,6,16,0,1,0.062745098,0.00784313725,0.5,10,1,2,0,0,0,15,0,1,,,,12.35008758,0,0,0,12.35008758,0,0,0,5.5625,92.625,1.25,0,42.92480124,0,0.00784313772,,,,,,,,,,,,
2026-04-20T19:24:58,F2,Fabricate only,640,4,0.0001,30,6,16,0,1,0.062745098,0.00784313725,0.5,10,1,2,0,0,0,16,0,1,,,,12.15503937,0,0,0,12.15503937,0,0,0,5.4375,90.3125,1.25,0,42.88452225,0,0.00784313772,,,,,,,,,,,,
2026-04-20T19:23:15,F2,Fabricate only,640,4,0.0001,30,6,16,0,1,0.062745098,0.00784313725,0.5,10,1,2,0,0,0,16,0,1,,,,12.35008758,1,0,0,12.56636566,0,0,0,6,100.5,1.375,0,44.04817714,0,0.00784313772,,,,,,,,,,,,
2026-04-20T19:24:58,F2,Fabricate only,640,4,0.0001,30,6,16,0,1,0.062745098,0.00784313725,0.5,10,1,2,0,0,0,17,0,1,,,,12.07431394,0,0,0,12.07431394,0,0,0,5.75,99.25,1.4375,0,42.90572182,0,0.00784313772,,,,,,,,,,,,
2026-04-20T19:23:15,F2,Fabricate only,640,4,0.0001,30,6,16,0,1,0.062745098,0.00784313725,0.5,10,1,2,0,0,0,17,0,1,,,,12.22568518,0,0,0,12.22568518,0,0,0,5.5,90.5,1.1875,0,42.85415435,0,0.00784313772,,,,,,,,,,,,
2026-04-20T19:24:58,F2,Fabricate only,640,4,0.0001,30,6,16,0,1,0.062745098,0.00784313725,0.5,10,1,2,0,0,0,18,0,1,,,,12.02858806,0,0,0,12.02858806,0,0,0,5.5625,96.6875,1.3125,0,42.86919582,0,0.00784313772,,,,,,,,,,,,
2026-04-20T19:23:15,F2,Fabricate only,640,4,0.0001,30,6,16,0,1,0.062745098,0.00784313725,0.5,10,1,2,0,0,0,18,0,1,,,,12.14620936,0,0,0,12.14620936,0,0,0,5.75,89.3125,1.375,0,42.85459093,0,0.00784313772,,,,,,,,,,,,
2026-04-20T19:24:58,F2,Fabricate only,640,4,0.0001,30,6,16,0,1,0.062745098,0.00784313725,0.5,10,1,2,0,0,0,19,0,1,,,,12.01966226,0,0,0,12.01966226,0,0,0,5.75,99.75,1.25,0,42.89195152,0,0.00784313772,,,,,,,,,,,,
2026-04-20T19:23:15,F2,Fabricate only,640,4,0.0001,30,6,16,0,1,0.062745098,0.00784313725,0.5,10,1,2,0,0,0,19,0,1,,,,12.13365662,0,0,0,12.13365662,0,0,0,5.875,102.1875,1.3125,0,42.87549075,0,0.00784313772,,,,,,,,,,,,
2026-04-20T19:24:58,F2,Fabricate only,640,4,0.0001,30,6,16,0,1,0.062745098,0.00784313725,0.5,10,1,2,0,0,0,20,0,1,,,,12.01966226,1,0,0,12.03091276,0,0,0,5.875,93.5,1.3125,0,42.87950183,0,0.00784313772,,,,,,,,,,,,
2026-04-20T19:24:58,F2,Fabricate only,640,4,0.0001,30,6,16,0,1,0.062745098,0.00784313725,0.5,10,1,2,0,0,0,21,0,1,,,,11.9584071,0,0,0,11.9584071,0,0,0,5.625,98.4375,1.6875,0,42.87567772,0,0.00784313772,,,,,,,,,,,,
2026-04-20T19:23:15,F2,Fabricate only,640,4,0.0001,30,6,16,0,1,0.062745098,0.00784313725,0.5,10,1,2,0,0,0,20,0,1,,,,11.99958712,0,0,0,11.99958712,0,0,0,5.875,103.875,1.5625,0,42.84760803,0,0.00784313772,,,,,,,,,,,,
2026-04-20T19:24:58,F2,Fabricate only,640,4,0.0001,30,6,16,0,1,0.062745098,0.00784313725,0.5,10,1,2,0,0,0,22,0,1,,,,11.94629055,0,0,0,11.94629055,0,0,0,5.6875,94.1875,1.5,0,42.88004895,0,0.00784313772,,,,,,,,,,,,
2026-04-20T19:23:15,F2,Fabricate only,640,4,0.0001,30,6,16,0,1,0.062745098,0.00784313725,0.5,10,1,2,0,0,0,21,0,1,,,,11.99958712,1,0,0,12.07847297,0,0,0,5.8125,97.4375,1.375,0,42.81514621,0,0.00784313772,,,,,,,,,,,,
2026-04-20T19:24:58,F2,Fabricate only,640,4,0.0001,30,6,16,0,1,0.062745098,0.00784313725,0.5,10,1,2,0,0,0,23,0,1,,,,11.94629055,1,0,0,12.01074761,0,0,0,6,103.375,1.375,0,42.88909952,0,0.00784313772,,,,,,,,,,,,
2026-04-20T19:23:15,F2,Fabricate only,640,4,0.0001,30,6,16,0,1,0.062745098,0.00784313725,0.5,10,1,2,0,0,0,22,0,1,,,,11.88863939,0,0,0,11.88863939,0,0,0,6,110.375,1.5625,0,42.86602661,0,0.00784313772,,,,,,,,,,,,
2026-04-20T19:24:58,F2,Fabricate only,640,4,0.0001,30,6,16,0,1,0.062745098,0.00784313725,0.5,10,1,2,0,0,0,24,0,1,,,,11.94629055,2,0,0,13.2526114,0,0,0,6.3125,108.375,1.4375,0,44.10026443,0,0.00784313772,,,,,,,,,,,,
2026-04-20T19:23:15,F2,Fabricate only,640,4,0.0001,30,6,16,0,1,0.062745098,0.00784313725,0.5,10,1,2,0,0,0,23,0,1,,,,11.88863939,1,0,0,11.90155452,0,0,0,5.875,100,1.4375,0,42.85836483,0,0.00784313772,,,,,,,,,,,,
2026-04-20T19:24:58,F2,Fabricate only,640,4,0.0001,30,6,16,0,1,0.062745098,0.00784313725,0.5,10,1,2,0,0,0,25,0,1,,,,11.94629055,3,0,0,12.05276,0,0,0,5.6875,98.25,1.5,0,42.86317019,0,0.00784313772,,,,,,,,,,,,
2026-04-20T19:23:15,F2,Fabricate only,640,4,0.0001,30,6,16,0,1,0.062745098,0.00784313725,0.5,10,1,2,0,0,0,24,0,1,,,,11.88863939,2,0,0,11.90865201,0,0,0,5.5,93,1.375,0,42.81376356,0,0.00784313772,,,,,,,,,,,,
2026-04-20T19:24:58,F2,Fabricate only,640,4,0.0001,30,6,16,0,1,0.062745098,0.00784313725,0.5,10,1,2,0,0,0,26,0,1,,,,11.91075289,0,0,0,11.91075289,0,0,0,5.75,103.75,1.625,0,42.89144635,0,0.00784313772,,,,,,,,,,,,
2026-04-20T19:23:15,F2,Fabricate only,640,4,0.0001,30,6,16,0,1,0.062745098,0.00784313725,0.5,10,1,2,0,0,0,25,0,1,,,,11.8434366,0,0,0,11.8434366,0,0,0,6.3125,103.125,1.3125,0,42.86467571,0,0.00784313772,,,,,,,,,,,,
2026-04-20T19:24:58,F2,Fabricate only,640,4,0.0001,30,6,16,0,1,0.062745098,0.00784313725,0.5,10,1,2,0,0,0,27,0,1,,,,11.85298759,0,0,0,11.85298759,0,0,0,5.8125,100.5,1.3125,0,42.85973077,0,0.00784313772,,,,,,,,,,,,
2026-04-20T19:23:15,F2,Fabricate only,640,4,0.0001,30,6,16,0,1,0.062745098,0.00784313725,0.5,10,1,2,0,0,0,26,0,1,,,,11.73008519,0,0,0,11.73008519,0,0,0,6.375,109.1875,1.5,0,42.85150678,0,0.00784313772,,,,,,,,,,,,
2026-04-20T19:24:58,F2,Fabricate only,640,4,0.0001,30,6,16,0,1,0.062745098,0.00784313725,0.5,10,1,2,0,0,0,28,0,1,,,,11.85298759,1,0,0,11.858064,0,0,0,6.3125,105,1.3125,0,42.88380335,0,0.00784313772,,,,,,,,,,,,
2026-04-20T19:23:15,F2,Fabricate only,640,4,0.0001,30,6,16,0,1,0.062745098,0.00784313725,0.5,10,1,2,0,0,0,27,0,1,,,,11.73008519,1,0,0,11.91292685,0,0,0,5.875,100.9375,1.3125,0,42.82710679,0,0.00784313772,,,,,,,,,,,,
2026-04-20T19:24:58,F2,Fabricate only,640,4,0.0001,30,6,16,0,1,0.062745098,0.00784313725,0.5,10,1,2,0,0,0,29,0,1,,,,11.85298759,2,0,0,11.89277148,0,0,0,6.125,102.125,1.5625,0,42.86748736,0,0.00784313772,,,,,,,,,,,,
2026-04-20T19:23:15,F2,Fabricate only,640,4,0.0001,30,6,16,0,1,0.062745098,0.00784313725,0.5,10,1,2,0,0,0,28,0,1,,,,11.73008519,2,0,0,11.76410073,0,0,0,6.4375,105.625,1.375,0,42.85599637,0,0.00784313772,,,,,,,,,,,,
2026-04-20T19:24:58,F2,Fabricate only,640,4,0.0001,30,6,16,0,1,0.062745098,0.00784313725,0.5,10,1,2,0,0,0,30,0,1,,,,11.76541966,0,0,0,11.76541966,0,0,0,5.8125,105.5,1.6875,0,42.84621641,0,0.00784313772,,,,,,,,,,,,
2026-04-20T19:23:15,F2,Fabricate only,640,4,0.0001,30,6,16,0,1,0.062745098,0.00784313725,0.5,10,1,2,0,0,0,29,0,1,,,,11.73008519,3,0,0,11.73260319,0,0,0,6.125,104.6875,1.625,0,42.82755629,0,0.00784313772,,,,,,,,,,,,
2026-04-20T19:23:15,F2,Fabricate only,640,4,0.0001,30,6,16,0,1,0.062745098,0.00784313725,0.5,10,1,2,0,0,0,30,0,1,,,,11.73008519,4,0,0,11.74351513,0,0,0,6,108.5,1.625,0,42.82294462,0,0.00784313772,,,,,,,,,,,,
2026-04-23T13:40:31,F3,Fabricate only,640,4,0.0001,30,6,16,0,1,0.062745098,0.0117647059,0.55,10,1,2,0,0,0,1,0,1,,,,16.68577653,0,0,0,16.68577653,0,0,0,4.125,3.5625,0.5625,0,39.78559242,0,0.0117647061,,,,,,,,,,,,
2026-04-23T13:40:31,F3,Fabricate only,640,4,0.0001,30,6,16,0,1,0.062745098,0.0117647059,0.55,10,1,2,0,0,0,2,0,1,,,,12.73423952,0,0,0,12.73423952,0,0,0,5.6875,87.3125,2.125,0,40.33767913,0,0.0117647061,,,,,,,,,,,,
2026-04-23T13:40:31,F3,Fabricate only,640,4,0.0001,30,6,16,0,1,0.062745098,0.0117647059,0.55,10,1,2,0,0,0,3,0,1,,,,11.94070411,0,0,0,11.94070411,0,0,0,7.5,129.75,1.8125,0,39.5924769,0,0.0117647061,,,,,,,,,,,,
2026-04-23T13:40:31,F3,Fabricate only,640,4,0.0001,30,6,16,0,1,0.062745098,0.0117647059,0.55,10,1,2,0,0,0,4,0,1,,,,11.39421701,0,0,0,11.39421701,0,0,0,8.125,151.3125,1.9375,0,39.78925204,0,0.0117647061,,,,,,,,,,,,
2026-04-23T13:40:31,F3,Fabricate only,640,4,0.0001,30,6,16,0,1,0.062745098,0.0117647059,0.55,10,1,2,0,0,0,5,0,1,,,,11.26809371,0,0,0,11.26809371,0,0,0,8.125,142.375,2.125,0,39.54500206,0,0.0117647061,,,,,,,,,,,,
2026-04-23T13:40:31,F3,Fabricate only,640,4,0.0001,30,6,16,0,1,0.062745098,0.0117647059,0.55,10,1,2,0,0,0,6,0,1,,,,10.93717235,0,0,0,10.93717235,0,0,0,9,174.375,2.3125,0,39.49938919,0,0.0117647061,,,,,,,,,,,,
2026-04-23T13:40:31,F3,Fabricate only,640,4,0.0001,30,6,16,0,1,0.062745098,0.0117647059,0.55,10,1,2,0,0,0,7,0,1,,,,10.76541078,0,0,0,10.76541078,0,0,0,8.9375,185.9375,2.5,0,39.5850055,0,0.0117647061,,,,,,,,,,,,
2026-04-23T13:40:31,F3,Fabricate only,640,4,0.0001,30,6,16,0,1,0.062745098,0.0117647059,0.55,10,1,2,0,0,0,8,0,1,,,,10.67269415,0,0,0,10.67269415,0,0,0,9.5625,196.25,2.375,0,39.51663966,0,0.0117647061,,,,,,,,,,,,
2026-04-23T13:40:31,F3,Fabricate only,640,4,0.0001,30,6,16,0,1,0.062745098,0.0117647059,0.55,10,1,2,0,0,0,9,0,1,,,,10.5855695,0,0,0,10.5855695,0,0,0,9,190.8125,2.25,0,39.46422673,0,0.0117647061,,,,,,,,,,,,
2026-04-23T13:40:31,F3,Fabricate only,640,4,0.0001,30,6,16,0,1,0.062745098,0.0117647059,0.55,10,1,2,0,0,0,10,0,1,,,,10.52439445,0,0,0,10.52439445,0,0,0,9.5,198.1875,2.4375,0,39.46390419,0,0.0117647061,,,,,,,,,,,,
2026-04-23T13:40:31,F3,Fabricate only,640,4,0.0001,30,6,16,0,1,0.062745098,0.0117647059,0.55,10,1,2,0,0,0,11,0,1,,,,10.4180029,0,0,0,10.4180029,0,0,0,9.5625,211.125,2.625,0,39.47869342,0,0.0117647061,,,,,,,,,,,,
2026-04-23T13:40:31,F3,Fabricate only,640,4,0.0001,30,6,16,0,1,0.062745098,0.0117647059,0.55,10,1,2,0,0,0,12,0,1,,,,10.35352796,0,0,0,10.35352796,0,0,0,10.4375,209.75,2.9375,0,39.46065717,0,0.0117647061,,,,,,,,,,,,
2026-04-23T13:40:31,F3,Fabricate only,640,4,0.0001,30,6,16,0,1,0.062745098,0.0117647059,0.55,10,1,2,0,0,0,13,0,1,,,,10.35352796,1,0,0,10.36441147,0,0,0,9.5,210,2.6875,0,39.4633753,0,0.0117647061,,,,,,,,,,,,
2026-04-23T13:40:31,F3,Fabricate only,640,4,0.0001,30,6,16,0,1,0.062745098,0.0117647059,0.55,10,1,2,0,0,0,14,0,1,,,,10.16004378,0,0,0,10.16004378,0,0,0,10.5,211.375,2.5,0,39.71838942,0,0.0117647061,,,,,,,,,,,,
2026-04-23T13:40:31,F3,Fabricate only,640,4,0.0001,30,6,16,0,1,0.062745098,0.0117647059,0.55,10,1,2,0,0,0,15,0,1,,,,10.10094351,0,0,0,10.10094351,0,0,0,9.75,203.25,2.4375,0,39.43072569,0,0.0117647061,,,,,,,,,,,,
2026-04-23T13:40:31,F3,Fabricate only,640,4,0.0001,30,6,16,0,1,0.062745098,0.0117647059,0.55,10,1,2,0,0,0,16,0,1,,,,9.943212032,0,0,0,9.943212032,0,0,0,9.8125,208.5,2.8125,0,39.45668098,0,0.0117647061,,,,,,,,,,,,
2026-04-23T13:40:31,F3,Fabricate only,640,4,0.0001,30,6,16,0,1,0.062745098,0.0117647059,0.55,10,1,2,0,0,0,17,0,1,,,,9.853901684,0,0,0,9.853901684,0,0,0,9.8125,203.0625,2.75,0,39.43997965,0,0.0117647061,,,,,,,,,,,,
2026-04-23T13:40:31,F3,Fabricate only,640,4,0.0001,30,6,16,0,1,0.062745098,0.0117647059,0.55,10,1,2,0,0,0,18,0,1,,,,9.853901684,1,0,0,10.00803739,0,0,0,8.875,205.6875,2.625,0,40.41495952,0,0.0117647061,,,,,,,,,,,,
2026-04-23T13:40:31,F3,Fabricate only,640,4,0.0001,30,6,16,0,1,0.062745098,0.0117647059,0.55,10,1,2,0,0,0,19,0,1,,,,9.853901684,2,0,0,9.958787918,0,0,0,9.5625,204.8125,2.875,0,39.46688994,0,0.0117647061,,,,,,,,,,,,
2026-04-23T13:40:31,F3,Fabricate only,640,4,0.0001,30,6,16,0,1,0.062745098,0.0117647059,0.55,10,1,2,0,0,0,20,0,1,,,,9.677253008,0,0,0,9.677253008,0,0,0,10.6875,218,2.5625,0,39.42854099,0,0.0117647061,,,,,,,,,,,,
2026-04-23T13:40:31,F3,Fabricate only,640,4,0.0001,30,6,16,0,1,0.062745098,0.0117647059,0.55,10,1,2,0,0,0,21,0,1,,,,9.677253008,1,0,0,9.692093432,0,0,0,10.1875,211.8125,2.75,0,39.40420072,0,0.0117647061,,,,,,,,,,,,
2026-04-23T13:40:31,F3,Fabricate only,640,4,0.0001,30,6,16,0,1,0.062745098,0.0117647059,0.55,10,1,2,0,0,0,22,0,1,,,,9.615102768,0,0,0,9.615102768,0,0,0,9.875,214.5625,2.5625,0,39.63969581,0,0.0117647061,,,,,,,,,,,,
2026-04-23T13:40:31,F3,Fabricate only,640,4,0.0001,30,6,16,0,1,0.062745098,0.0117647059,0.55,10,1,2,0,0,0,23,0,1,,,,9.615102768,1,0,0,9.734525681,0,0,0,10.4375,218.625,2.5,0,39.43344097,0,0.0117647061,,,,,,,,,,,,
2026-04-23T13:40:31,F3,Fabricate only,640,4,0.0001,30,6,16,0,1,0.062745098,0.0117647059,0.55,10,1,2,0,0,0,24,0,1,,,,9.595944583,0,0,0,9.595944583,0,0,0,10.4375,215.6875,2.625,0,39.41578491,0,0.0117647061,,,,,,,,,,,,
2026-04-23T13:40:31,F3,Fabricate only,640,4,0.0001,30,6,16,0,1,0.062745098,0.0117647059,0.55,10,1,2,0,0,0,25,0,1,,,,9.595944583,1,0,0,9.625647545,0,0,0,10.25,215.1875,2.6875,0,39.43729902,0,0.0117647061,,,,,,,,,,,,
2026-04-23T13:40:31,F3,Fabricate only,640,4,0.0001,30,6,16,0,1,0.062745098,0.0117647059,0.55,10,1,2,0,0,0,26,0,1,,,,9.525683194,0,0,0,9.525683194,0,0,0,10.1875,215.5625,2.875,0,39.46937477,0,0.0117647061,,,,,,,,,,,,
2026-04-23T13:40:31,F3,Fabricate only,640,4,0.0001,30,6,16,0,1,0.062745098,0.0117647059,0.55,10,1,2,0,0,0,27,0,1,,,,9.509802103,0,0,0,9.509802103,0,0,0,9,214.6875,2.6875,0,39.45776945,0,0.0117647061,,,,,,,,,,,,
2026-04-23T13:40:31,F3,Fabricate only,640,4,0.0001,30,6,16,0,1,0.062745098,0.0117647059,0.55,10,1,2,0,0,0,28,0,1,,,,9.509802103,1,0,0,9.593177885,0,0,0,10.0625,216.375,2.625,0,39.46181122,0,0.0117647061,,,,,,,,,,,,
2026-04-23T13:40:31,F3,Fabricate only,640,4,0.0001,30,6,16,0,1,0.062745098,0.0117647059,0.55,10,1,2,0,0,0,29,0,1,,,,9.509802103,2,0,0,9.815707386,0,0,0,10.625,214.3125,2.4375,0,39.44090452,0,0.0117647061,,,,,,,,,,,,
2026-04-23T13:40:31,F3,Fabricate only,640,4,0.0001,30,6,16,0,1,0.062745098,0.0117647059,0.55,10,1,2,0,0,0,30,0,1,,,,9.509802103,3,0,0,9.550237358,0,0,0,10.25,216.9375,2.625,0,39.44063089,0,0.0117647061,,,,,,,,,,,,
2026-04-23T17:22:32,F4,Fabricate only,640,4,0.0001,30,6,16,0,1,0.062745098,0.0117647059,0.5,20,2.5,3,0,0,0,1,0,1,,,,16.10734326,0,0,0,16.10734326,0,0,0,3.4375,2.0625,0.625,0,39.64548212,0,0.0117647061,,,,,,,,,,,,
2026-04-23T17:22:32,F4,Fabricate only,640,4,0.0001,30,6,16,0,1,0.062745098,0.0117647059,0.5,20,2.5,3,0,0,0,2,0,1,,,,12.7446149,0,0,0,12.7446149,0,0,0,5,73.375,1.4375,0,40.01442128,0,0.0117647061,,,,,,,,,,,,
2026-04-23T17:22:32,F4,Fabricate only,640,4,0.0001,30,6,16,0,1,0.062745098,0.0117647059,0.5,20,2.5,3,0,0,0,3,0,1,,,,11.9920662,0,0,0,11.9920662,0,0,0,5.8125,102.0625,1.5,0,40.14602878,0,0.0117647061,,,,,,,,,,,,
2026-04-23T17:22:32,F4,Fabricate only,640,4,0.0001,30,6,16,0,1,0.062745098,0.0117647059,0.5,20,2.5,3,0,0,0,4,0,1,,,,11.61239326,0,0,0,11.61239326,0,0,0,7.3125,137.6875,2,0,40.3239074,0,0.0117647061,,,,,,,,,,,,
2026-04-23T17:22:32,F4,Fabricate only,640,4,0.0001,30,6,16,0,1,0.062745098,0.0117647059,0.5,20,2.5,3,0,0,0,5,0,1,,,,10.97132891,0,0,0,10.97132891,0,0,0,7.4375,144.25,1.875,0,39.58756531,0,0.0117647061,,,,,,,,,,,,
2026-04-23T17:22:32,F4,Fabricate only,640,4,0.0001,30,6,16,0,1,0.062745098,0.0117647059,0.5,20,2.5,3,0,0,0,6,0,1,,,,10.84970123,0,0,0,10.84970123,0,0,0,6.5,144.375,1.9375,0,39.54134301,0,0.0117647061,,,,,,,,,,,,
2026-04-23T17:22:32,F4,Fabricate only,640,4,0.0001,30,6,16,0,1,0.062745098,0.0117647059,0.5,20,2.5,3,0,0,0,7,0,1,,,,10.736435,0,0,0,10.736435,0,0,0,7.0625,154.625,2.0625,0,39.47992018,0,0.0117647061,,,,,,,,,,,,
2026-04-23T17:22:32,F4,Fabricate only,640,4,0.0001,30,6,16,0,1,0.062745098,0.0117647059,0.5,20,2.5,3,0,0,0,8,0,1,,,,10.44806433,0,0,0,10.44806433,0,0,0,7.375,156.9375,1.875,0,39.51020045,0,0.0117647061,,,,,,,,,,,,
2026-04-23T17:22:32,F4,Fabricate only,640,4,0.0001,30,6,16,0,1,0.062745098,0.0117647059,0.5,20,2.5,3,0,0,0,9,0,1,,,,10.44456041,0,0,0,10.44456041,0,0,0,8.1875,181.125,2.125,0,39.88960541,0,0.0117647061,,,,,,,,,,,,
2026-04-23T17:22:32,F4,Fabricate only,640,4,0.0001,30,6,16,0,1,0.062745098,0.0117647059,0.5,20,2.5,3,0,0,0,10,0,1,,,,10.32900435,0,0,0,10.32900435,0,0,0,8.6875,184.3125,1.875,0,39.51962257,0,0.0117647061,,,,,,,,,,,,
2026-04-23T17:22:32,F4,Fabricate only,640,4,0.0001,30,6,16,0,1,0.062745098,0.0117647059,0.5,20,2.5,3,0,0,0,11,0,1,,,,10.25532389,0,0,0,10.25532389,0,0,0,7.875,183.125,1.9375,0,39.6452489,0,0.0117647061,,,,,,,,,,,,
2026-04-23T17:22:32,F4,Fabricate only,640,4,0.0001,30,6,16,0,1,0.062745098,0.0117647059,0.5,20,2.5,3,0,0,0,12,0,1,,,,10.09895974,0,0,0,10.09895974,0,0,0,8.625,197,1.875,0,39.52701196,0,0.0117647061,,,,,,,,,,,,
2026-04-23T17:22:32,F4,Fabricate only,640,4,0.0001,30,6,16,0,1,0.062745098,0.0117647059,0.5,20,2.5,3,0,0,0,13,0,1,,,,10.09895974,1,0,0,10.11681181,0,0,0,8.5625,196.6875,2.0625,0,39.48387517,0,0.0117647061,,,,,,,,,,,,
2026-04-23T17:22:32,F4,Fabricate only,640,4,0.0001,30,6,16,0,1,0.062745098,0.0117647059,0.5,20,2.5,3,0,0,0,14,0,1,,,,9.980218947,0,0,0,9.980218947,0,0,0,9.3125,203.3125,1.9375,0,39.51829727,0,0.0117647061,,,,,,,,,,,,
2026-04-23T17:22:32,F4,Fabricate only,640,4,0.0001,30,6,16,0,1,0.062745098,0.0117647059,0.5,20,2.5,3,0,0,0,15,0,1,,,,9.980218947,1,0,0,10.00520825,0,0,0,8.8125,203.4375,1.9375,0,39.88775934,0,0.0117647061,,,,,,,,,,,,
2026-04-23T17:22:32,F4,Fabricate only,640,4,0.0001,30,6,16,0,1,0.062745098,0.0117647059,0.5,20,2.5,3,0,0,0,16,0,1,,,,9.972160757,0,0,0,9.972160757,0,0,0,9.3125,210.6875,2.125,0,39.50954542,0,0.0117647061,,,,,,,,,,,,
2026-04-23T17:22:32,F4,Fabricate only,640,4,0.0001,30,6,16,0,1,0.062745098,0.0117647059,0.5,20,2.5,3,0,0,0,17,0,1,,,,9.972160757,1,0,0,10.02912831,0,0,0,8.8125,201.8125,2.0625,0,39.51217436,0,0.0117647061,,,,,,,,,,,,
2026-04-23T17:22:32,F4,Fabricate only,640,4,0.0001,30,6,16,0,1,0.062745098,0.0117647059,0.5,20,2.5,3,0,0,0,18,0,1,,,,9.891032934,0,0,0,9.891032934,0,0,0,9.1875,200.375,1.9375,0,39.50981407,0,0.0117647061,,,,,,,,,,,,
2026-04-23T17:22:32,F4,Fabricate only,640,4,0.0001,30,6,16,0,1,0.062745098,0.0117647059,0.5,20,2.5,3,0,0,0,19,0,1,,,,9.806883276,0,0,0,9.806883276,0,0,0,9.125,211.9375,2.125,0,39.5050108,0,0.0117647061,,,,,,,,,,,,
2026-04-23T17:22:32,F4,Fabricate only,640,4,0.0001,30,6,16,0,1,0.062745098,0.0117647059,0.5,20,2.5,3,0,0,0,20,0,1,,,,9.806883276,1,0,0,9.817359984,0,0,0,9.125,210.625,2.25,0,39.50847121,0,0.0117647061,,,,,,,,,,,,
2026-04-23T17:22:32,F4,Fabricate only,640,4,0.0001,30,6,16,0,1,0.062745098,0.0117647059,0.5,20,2.5,3,0,0,0,21,0,1,,,,9.806883276,2,0,0,9.822182477,0,0,0,9.4375,214.375,2.1875,0,39.51619698,0,0.0117647061,,,,,,,,,,,,
2026-04-23T17:22:32,F4,Fabricate only,640,4,0.0001,30,6,16,0,1,0.062745098,0.0117647059,0.5,20,2.5,3,0,0,0,22,0,1,,,,9.750090837,0,0,0,9.750090837,0,0,0,9.8125,215.9375,2.0625,0,39.48641444,0,0.0117647061,,,,,,,,,,,,
2026-04-23T17:22:32,F4,Fabricate only,640,4,0.0001,30,6,16,0,1,0.062745098,0.0117647059,0.5,20,2.5,3,0,0,0,23,0,1,,,,9.750090837,1,0,0,10.00219941,0,0,0,10.125,215.125,1.875,0,39.45642674,0,0.0117647061,,,,,,,,,,,,
2026-04-23T17:22:32,F4,Fabricate only,640,4,0.0001,30,6,16,0,1,0.062745098,0.0117647059,0.5,20,2.5,3,0,0,0,24,0,1,,,,9.750090837,2,0,0,9.922553003,0,0,0,9.875,215.8125,2,0,39.45450123,0,0.0117647061,,,,,,,,,,,,
2026-04-23T17:22:32,F4,Fabricate only,640,4,0.0001,30,6,16,0,1,0.062745098,0.0117647059,0.5,20,2.5,3,0,0,0,25,0,1,,,,9.750090837,3,0,0,9.805672646,0,0,0,9.6875,216.125,2.25,0,39.48777882,0,0.0117647061,,,,,,,,,,,,
2026-04-23T17:22:32,F4,Fabricate only,640,4,0.0001,30,6,16,0,1,0.062745098,0.0117647059,0.5,20,2.5,3,0,0,0,26,0,1,,,,9.734418452,0,0,0,9.734418452,0,0,0,10,218.625,2.125,0,39.48821146,0,0.0117647061,,,,,,,,,,,,
2026-04-23T17:22:32,F4,Fabricate only,640,4,0.0001,30,6,16,0,1,0.062745098,0.0117647059,0.5,20,2.5,3,0,0,0,27,0,1,,,,9.697519243,0,0,0,9.697519243,0,0,0,10.1875,221.125,2.0625,0,39.48494343,0,0.0117647061,,,,,,,,,,,,
2026-04-23T17:22:32,F4,Fabricate only,640,4,0.0001,30,6,16,0,1,0.062745098,0.0117647059,0.5,20,2.5,3,0,0,0,28,0,1,,,,9.63056013,0,0,0,9.63056013,0,0,0,10.3125,226.1875,1.875,0,39.51364252,0,0.0117647061,,,,,,,,,,,,
2026-04-23T17:22:32,F4,Fabricate only,640,4,0.0001,30,6,16,0,1,0.062745098,0.0117647059,0.5,20,2.5,3,0,0,0,29,0,1,,,,9.63056013,1,0,0,10.35134721,0,0,0,9.6875,217.4375,2.25,0,40.1102316,0,0.0117647061,,,,,,,,,,,,
2026-04-23T17:22:32,F4,Fabricate only,640,4,0.0001,30,6,16,0,1,0.062745098,0.0117647059,0.5,20,2.5,3,0,0,0,30,0,1,,,,9.63056013,2,0,0,9.680192053,0,0,0,10.1875,226.0625,1.9375,0,39.90663796,0,0.0117647061,,,,,,,,,,,,
2026-04-24T00:25:19,F5,Fabricate only,640,4,0.0001,30,6,16,0,1,0.06274509803921569,0.011764705882352941,0.5,20.0,2.5,4.0,0.0,0.0,0.0,1,0,1,,,,16.26091080904007,0,0,0.0,16.26091080904007,0.0,0.0,0.0,4.0,3.0,0.6875,0.0,39.95188257235558,0.0,0.0117647061124444,,,,,,,,,,,,
2026-04-24T00:25:19,F5,Fabricate only,640,4,0.0001,30,6,16,0,1,0.06274509803921569,0.011764705882352941,0.5,20.0,2.5,4.0,0.0,0.0,0.0,2,0,1,,,,12.369238138198853,0,0,0.0,12.369238138198853,0.0,0.0,0.0,6.125,99.875,1.9375,0.0,40.40481057186447,0.0,0.0117647061124444,,,,,,,,,,,,
2026-04-24T00:25:19,F5,Fabricate only,640,4,0.0001,30,6,16,0,1,0.06274509803921569,0.011764705882352941,0.5,20.0,2.5,4.0,0.0,0.0,0.0,3,0,1,,,,11.61202758550644,0,0,0.0,11.61202758550644,0.0,0.0,0.0,6.5,123.125,1.5625,0.0,40.18686511258559,0.0,0.0117647061124444,,,,,,,,,,,,
2026-04-24T00:25:19,F5,Fabricate only,640,4,0.0001,30,6,16,0,1,0.06274509803921569,0.011764705882352941,0.5,20.0,2.5,4.0,0.0,0.0,0.0,4,0,1,,,,11.531895875930786,0,0,0.0,11.531895875930786,0.0,0.0,0.0,8.0625,135.5625,1.6875,0.0,40.25916189166815,0.0,0.0117647061124444,,,,,,,,,,,,
2026-04-24T00:25:19,F5,Fabricate only,640,4,0.0001,30,6,16,0,1,0.06274509803921569,0.011764705882352941,0.5,20.0,2.5,4.0,0.0,0.0,0.0,5,0,1,,,,11.104035258293152,0,0,0.0,11.104035258293152,0.0,0.0,0.0,7.8125,160.25,1.6875,0.0,40.161592659205546,0.0,0.0117647061124444,,,,,,,,,,,,
2026-04-24T00:25:19,F5,Fabricate only,640,4,0.0001,30,6,16,0,1,0.06274509803921569,0.011764705882352941,0.5,20.0,2.5,4.0,0.0,0.0,0.0,6,0,1,,,,10.99554306268692,0,0,0.0,10.99554306268692,0.0,0.0,0.0,8.375,163.8125,1.4375,0.0,40.19808309734207,0.0,0.0117647061124444,,,,,,,,,,,,
2026-04-24T00:25:19,F5,Fabricate only,640,4,0.0001,30,6,16,0,1,0.06274509803921569,0.011764705882352941,0.5,20.0,2.5,4.0,0.0,0.0,0.0,7,0,1,,,,10.829055845737457,0,0,0.0,10.829055845737457,0.0,0.0,0.0,7.8125,170.5,2.25,0.0,40.161142150540584,0.0,0.0117647061124444,,,,,,,,,,,,
2026-04-24T00:25:19,F5,Fabricate only,640,4,0.0001,30,6,16,0,1,0.06274509803921569,0.011764705882352941,0.5,20.0,2.5,4.0,0.0,0.0,0.0,8,0,1,,,,10.735914170742035,0,0,0.0,10.735914170742035,0.0,0.0,0.0,9.4375,185.0,2.0625,0.0,40.15780062970235,0.0,0.0117647061124444,,,,,,,,,,,,
2026-04-24T00:25:19,F5,Fabricate only,640,4,0.0001,30,6,16,0,1,0.06274509803921569,0.011764705882352941,0.5,20.0,2.5,4.0,0.0,0.0,0.0,9,0,1,,,,10.425270915031433,0,0,0.0,10.425270915031433,0.0,0.0,0.0,9.5625,198.1875,2.3125,0.0,39.883966104260686,0.0,0.0117647061124444,,,,,,,,,,,,
2026-04-24T00:25:19,F5,Fabricate only,640,4,0.0001,30,6,16,0,1,0.06274509803921569,0.011764705882352941,0.5,20.0,2.5,4.0,0.0,0.0,0.0,10,0,1,,,,10.322425782680511,0,0,0.0,10.322425782680511,0.0,0.0,0.0,8.75,183.8125,2.125,0.0,39.88979087119725,0.0,0.0117647061124444,,,,,,,,,,,,
2026-04-24T00:25:19,F5,Fabricate only,640,4,0.0001,30,6,16,0,1,0.06274509803921569,0.011764705882352941,0.5,20.0,2.5,4.0,0.0,0.0,0.0,11,0,1,,,,10.322425782680511,1,0,0.0,10.410580277442932,0.0,0.0,0.0,8.375,182.5,2.375,0.0,40.49613181732776,0.0,0.0117647061124444,,,,,,,,,,,,
2026-04-24T00:25:19,F5,Fabricate only,640,4,0.0001,30,6,16,0,1,0.06274509803921569,0.011764705882352941,0.5,20.0,2.5,4.0,0.0,0.0,0.0,12,0,1,,,,10.106404483318329,0,0,0.0,10.106404483318329,0.0,0.0,0.0,9.0625,201.5625,2.0625,0.0,39.91960255222962,0.0,0.0117647061124444,,,,,,,,,,,,
2026-04-24T00:25:19,F5,Fabricate only,640,4,0.0001,30,6,16,0,1,0.06274509803921569,0.011764705882352941,0.5,20.0,2.5,4.0,0.0,0.0,0.0,13,0,1,,,,10.106404483318329,1,0,0.0,10.183936297893524,0.0,0.0,0.0,9.125,197.1875,2.3125,0.0,39.807038042397096,0.0,0.0117647061124444,,,,,,,,,,,,
2026-04-24T00:25:19,F5,Fabricate only,640,4,0.0001,30,6,16,0,1,0.06274509803921569,0.011764705882352941,0.5,20.0,2.5,4.0,0.0,0.0,0.0,14,0,1,,,,10.106404483318329,2,0,0.0,10.271626889705658,0.0,0.0,0.0,9.5,197.125,2.125,0.0,40.18471829097999,0.0,0.0117647061124444,,,,,,,,,,,,
2026-04-24T00:25:19,F5,Fabricate only,640,4,0.0001,30,6,16,0,1,0.06274509803921569,0.011764705882352941,0.5,20.0,2.5,4.0,0.0,0.0,0.0,15,0,1,,,,10.075484335422516,0,0,0.0,10.075484335422516,0.0,0.0,0.0,9.875,193.25,2.3125,0.0,39.63170148060925,0.0,0.0117647061124444,,,,,,,,,,,,
2026-04-24T00:25:19,F5,Fabricate only,640,4,0.0001,30,6,16,0,1,0.06274509803921569,0.011764705882352941,0.5,20.0,2.5,4.0,0.0,0.0,0.0,16,0,1,,,,9.925935685634613,0,0,0.0,9.925935685634613,0.0,0.0,0.0,9.5,202.1875,2.375,0.0,39.80205516141765,0.0,0.0117647061124444,,,,,,,,,,,,
2026-04-24T00:25:19,F5,Fabricate only,640,4,0.0001,30,6,16,0,1,0.06274509803921569,0.011764705882352941,0.5,20.0,2.5,4.0,0.0,0.0,0.0,17,0,1,,,,9.925935685634613,1,0,0.0,10.038262724876404,0.0,0.0,0.0,9.625,202.75,2.25,0.0,40.10532633634401,0.0,0.0117647061124444,,,,,,,,,,,,
2026-04-24T00:25:19,F5,Fabricate only,640,4,0.0001,30,6,16,0,1,0.06274509803921569,0.011764705882352941,0.5,20.0,2.5,4.0,0.0,0.0,0.0,18,0,1,,,,9.925935685634613,2,0,0.0,10.106354773044586,0.0,0.0,0.0,10.125,208.75,2.1875,0.0,40.06552573374266,0.0,0.0117647061124444,,,,,,,,,,,,
2026-04-24T00:25:19,F5,Fabricate only,640,4,0.0001,30,6,16,0,1,0.06274509803921569,0.011764705882352941,0.5,20.0,2.5,4.0,0.0,0.0,0.0,19,0,1,,,,9.925935685634613,3,0,0.0,10.076502025127411,0.0,0.0,0.0,10.25,201.1875,2.125,0.0,39.937960592535816,0.0,0.0117647061124444,,,,,,,,,,,,
2026-04-24T00:25:19,F5,Fabricate only,640,4,0.0001,30,6,16,0,1,0.06274509803921569,0.011764705882352941,0.5,20.0,2.5,4.0,0.0,0.0,0.0,20,0,1,,,,9.811196327209473,0,0,0.0,9.811196327209473,0.0,0.0,0.0,9.9375,211.8125,2.375,0.0,39.811946574410676,0.0,0.0117647061124444,,,,,,,,,,,,
2026-04-24T00:25:19,F5,Fabricate only,640,4,0.0001,30,6,16,0,1,0.06274509803921569,0.011764705882352941,0.5,20.0,2.5,4.0,0.0,0.0,0.0,21,0,1,,,,9.811196327209473,1,0,0.0,9.844631552696228,0.0,0.0,0.0,10.4375,205.375,2.0625,0.0,39.960503424564635,0.0,0.0117647061124444,,,,,,,,,,,,
2026-04-24T00:25:19,F5,Fabricate only,640,4,0.0001,30,6,16,0,1,0.06274509803921569,0.011764705882352941,0.5,20.0,2.5,4.0,0.0,0.0,0.0,22,0,1,,,,9.811196327209473,2,0,0.0,9.857394993305206,0.0,0.0,0.0,10.3125,212.25,2.375,0.0,39.894749655897606,0.0,0.0117647061124444,,,,,,,,,,,,
2026-04-24T00:25:19,F5,Fabricate only,640,4,0.0001,30,6,16,0,1,0.06274509803921569,0.011764705882352941,0.5,20.0,2.5,4.0,0.0,0.0,0.0,23,0,1,,,,9.811196327209473,3,0,0.0,9.815131664276123,0.0,0.0,0.0,9.9375,206.0625,2.1875,0.0,39.83852683192744,0.0,0.0117647061124444,,,,,,,,,,,,
2026-04-24T00:25:19,F5,Fabricate only,640,4,0.0001,30,6,16,0,1,0.06274509803921569,0.011764705882352941,0.5,20.0,2.5,4.0,0.0,0.0,0.0,24,0,1,,,,9.780451595783234,0,0,0.0,9.780451595783234,0.0,0.0,0.0,10.0625,214.4375,2.125,0.0,40.15851214835043,0.0,0.0117647061124444,,,,,,,,,,,,
2026-04-24T00:25:19,F5,Fabricate only,640,4,0.0001,30,6,16,0,1,0.06274509803921569,0.011764705882352941,0.5,20.0,2.5,4.0,0.0,0.0,0.0,25,0,1,,,,9.669201880693436,0,0,0.0,9.669201880693436,0.0,0.0,0.0,10.5625,215.0,2.1875,0.0,39.4729698609667,0.0,0.0117647061124444,,,,,,,,,,,,
2026-04-24T00:25:19,F5,Fabricate only,640,4,0.0001,30,6,16,0,1,0.06274509803921569,0.011764705882352941,0.5,20.0,2.5,4.0,0.0,0.0,0.0,26,0,1,,,,9.669201880693436,1,0,0.0,9.693870604038239,0.0,0.0,0.0,10.75,215.8125,2.125,0.0,39.76758641930213,0.0,0.0117647061124444,,,,,,,,,,,,
2026-04-24T00:25:19,F5,Fabricate only,640,4,0.0001,30,6,16,0,1,0.06274509803921569,0.011764705882352941,0.5,20.0,2.5,4.0,0.0,0.0,0.0,27,0,1,,,,9.669201880693436,2,0,0.0,9.685870110988617,0.0,0.0,0.0,10.5,213.125,2.0625,0.0,40.00845079411833,0.0,0.0117647061124444,,,,,,,,,,,,
2026-04-24T00:25:19,F5,Fabricate only,640,4,0.0001,30,6,16,0,1,0.06274509803921569,0.011764705882352941,0.5,20.0,2.5,4.0,0.0,0.0,0.0,28,0,1,,,,9.649337261915207,0,0,0.0,9.649337261915207,0.0,0.0,0.0,10.8125,217.5,2.125,0.0,39.987749339309936,0.0,0.0117647061124444,,,,,,,,,,,,
2026-04-24T00:25:19,F5,Fabricate only,640,4,0.0001,30,6,16,0,1,0.06274509803921569,0.011764705882352941,0.5,20.0,2.5,4.0,0.0,0.0,0.0,29,0,1,,,,9.649337261915207,1,0,0.0,10.895697474479675,0.0,0.0,0.0,9.5,201.0625,2.0625,0.0,40.39149973291235,0.0,0.0117647061124444,,,,,,,,,,,,
2026-04-24T00:25:19,F5,Fabricate only,640,4,0.0001,30,6,16,0,1,0.06274509803921569,0.011764705882352941,0.5,20.0,2.5,4.0,0.0,0.0,0.0,30,0,1,,,,9.577124804258347,0,0,0.0,9.577124804258347,0.0,0.0,0.0,11.6875,218.75,2.0625,0.0,39.67348072936409,0.0,0.0117647061124444,,,,,,,,,,,,
2026-04-25T20:25:39,VHRV_V,Vanish only,640,4,0.0001,20,4,16,8,1,0.06274509803921569,0.01568627450980392,0.5,15.0,1.5,3.0,0.0,0.0,0.0,1,1,0,0.22783775394782424,0,0,,,,0.22783775394782424,0.0,0.6875,0.0625,0.0,0.0,0.0,0.0,43.45753041942496,0.0,0.06274465378373861,0.0,,,2,1,inf,0.9969913549721241,0.0,nan,nan,0.0700357937500371,0.029900056249971385,0.0
2026-04-25T20:33:49,VHRV_V,Vanish only,640,4,0.0001,20,4,16,8,1,0.06274509803921569,0.01568627450980392,0.5,15.0,1.5,3.0,0.0,0.0,0.0,1,1,0,0.22376497276127338,0,0,,,,0.22376497276127338,0.0,0.75,0.0625,0.0,0.0,0.0,0.0,42.86552545543238,0.0,0.06273621646687388,0.0,,,2,1,inf,0.9961849711835384,0.0,0.0068377848219824955,nan,0.04704917500009742,0.022544656250147455,0.0
2026-04-25T20:33:49,VHRV_V,Vanish only,640,4,0.0001,20,4,16,8,1,0.06274509803921569,0.01568627450980392,0.5,15.0,1.5,3.0,0.0,0.0,0.0,2,1,0,0.20836054626852274,0,0,,,,0.20836054626852274,0.0,0.875,0.0625,0.0,0.0,0.0,0.0,42.08404627268305,0.0,0.0627450910396874,0.0,,,2,1,inf,0.9952716641128063,0.0,0.00925980560714379,nan,0.02521204374994568,0.023498481250101122,0.0
2026-04-25T20:33:49,VHRV_V,Vanish only,640,4,0.0001,20,4,16,8,1,0.06274509803921569,0.01568627450980392,0.5,15.0,1.5,3.0,0.0,0.0,0.0,3,1,0,0.19965197099372745,0,0,,,,0.19965197099372745,0.0,0.875,0.0625,0.0,0.0,0.0,0.0,42.006456455957355,0.0,0.06274510128423572,0.0,,,2,1,inf,0.9951413460075855,0.0,0.009841022518230602,nan,0.02596821874988109,0.024988331249915063,0.0
2026-04-25T20:33:49,VHRV_V,Vanish only,640,4,0.0001,20,4,16,8,1,0.06274509803921569,0.01568627450980392,0.5,15.0,1.5,3.0,0.0,0.0,0.0,4,1,0,0.19516671309247613,0,0,,,,0.19516671309247613,0.0,0.875,0.0625,0.0,0.0,0.0,0.0,41.72425884671166,0.0,0.062745101749897,0.0,,,2,1,inf,0.9947801195085049,0.0,0.009925577352987602,nan,0.029811037499882787,0.02521319374994846,0.0
2026-04-25T20:33:49,VHRV_V,Vanish only,640,4,0.0001,20,4,16,8,1,0.06274509803921569,0.01568627450980392,0.5,15.0,1.5,3.0,0.0,0.0,0.0,5,1,0,0.19228512700647116,0,0,,,,0.19228512700647116,0.0,0.875,0.0625,0.0,0.0,0.0,0.0,41.499342805599305,0.0,0.062745101749897,0.0,,,2,1,inf,0.9945016913115978,0.0,0.009970856714062393,nan,0.029801299999860476,0.026731887499920504,0.0
2026-04-25T20:33:49,VHRV_V,Vanish only,640,4,0.0001,20,4,16,8,1,0.06274509803921569,0.01568627450980392,0.5,15.0,1.5,3.0,0.0,0.0,0.0,6,1,0,0.19116278225556016,0,0,,,,0.19116278225556016,0.0,0.875,0.0625,0.0,0.0,0.0,0.0,41.68454310748369,0.0,0.06274510128423572,0.0,,,2,1,inf,0.994751688092947,0.0,0.009709949546959251,nan,0.02709435625001788,0.025330206250146148,0.0
2026-04-25T20:33:49,VHRV_V,Vanish only,640,4,0.0001,20,4,16,8,1,0.06274509803921569,0.01568627450980392,0.5,15.0,1.5,3.0,0.0,0.0,0.0,7,1,0,0.18349741538986564,0,0,,,,0.18349741538986564,0.0,0.9375,0.0625,0.0,0.0,0.0,0.0,41.64730539990329,0.0,0.062745101749897,0.0,,,2,1,inf,0.9945876486599445,0.0,0.010040622466476634,nan,0.029711362499824645,0.030300712499979454,0.0
2026-04-25T20:33:49,VHRV_V,Vanish only,640,4,0.0001,20,4,16,8,1,0.06274509803921569,0.01568627450980392,0.5,15.0,1.5,3.0,0.0,0.0,0.0,8,1,0,0.17868423042818904,0,0,,,,0.17868423042818904,0.0,0.9375,0.0625,0.0,0.0,0.0,0.0,42.0056604065432,0.0,0.062745101749897,0.0,,,2,1,inf,0.9947487004101276,0.0,0.010182738944422454,nan,0.026495350000061535,0.02367361875002416,0.0
2026-04-25T20:33:49,VHRV_V,Vanish only,640,4,0.0001,20,4,16,8,1,0.06274509803921569,0.01568627450980392,0.5,15.0,1.5,3.0,0.0,0.0,0.0,9,1,0,0.1671903752721846,0,0,,,,0.1671903752721846,0.0,1.0,0.0625,0.0,0.0,0.0,0.0,41.7232016438298,0.0,0.062745101749897,0.0,,,2,1,inf,0.9936724826693535,0.0,0.013487743155565113,nan,0.03123674374995744,0.02383200000014085,0.0
2026-04-25T20:33:49,VHRV_V,Vanish only,640,4,0.0001,20,4,16,8,1,0.06274509803921569,0.01568627450980392,0.5,15.0,1.5,3.0,0.0,0.0,0.0,10,1,0,0.1624588726554066,0,0,,,,0.1624588726554066,0.0,1.0625,0.0625,0.0,0.0,0.0,0.0,41.51679469825058,0.0,0.062745101749897,0.0,,,2,1,inf,0.9932623244822025,0.0,0.01372220937628299,nan,0.03035901250001416,0.030619693749997623,0.0
2026-04-25T20:33:49,VHRV_V,Vanish only,640,4,0.0001,20,4,16,8,1,0.06274509803921569,0.01568627450980392,0.5,15.0,1.5,3.0,0.0,0.0,0.0,11,1,0,0.15954611403867602,0,0,,,,0.15954611403867602,0.0,1.1875,0.0625,0.0,0.0,0.0,0.0,41.421609675537304,0.0,0.062745101749897,0.0,,,2,1,inf,0.9931294806301594,0.0,0.014383017958607525,nan,0.0279709812500073,0.025397450000070876,0.0
2026-04-25T20:33:49,VHRV_V,Vanish only,640,4,0.0001,20,4,16,8,1,0.06274509803921569,0.01568627450980392,0.5,15.0,1.5,3.0,0.0,0.0,0.0,12,1,0,0.15716845844872296,0,0,,,,0.15716845844872296,0.0,1.25,0.0625,0.0,0.0,0.0,0.0,41.47339710290721,0.0,0.062745101749897,0.0,,,2,1,inf,0.9933194927871227,0.0,0.01439218400628306,nan,0.03707569999983207,0.04295352499985938,0.0
2026-04-25T20:33:49,VHRV_V,Vanish only,640,4,0.0001,20,4,16,8,1,0.06274509803921569,0.01568627450980392,0.5,15.0,1.5,3.0,0.0,0.0,0.0,13,1,0,0.15617846534587443,0,0,,,,0.15617846534587443,0.0,1.1875,0.0625,0.0,0.0,0.0,0.0,41.716575032680495,0.0,0.062745101749897,0.0,,,2,1,inf,0.993429820984602,0.0,0.014651548117399216,nan,0.02995112499991137,0.024568775000091136,0.0
2026-04-25T20:33:49,VHRV_V,Vanish only,640,4,0.0001,20,4,16,8,1,0.06274509803921569,0.01568627450980392,0.5,15.0,1.5,3.0,0.0,0.0,0.0,14,1,0,0.15160683379508555,0,0,,,,0.15160683379508555,0.0,1.25,0.0625,0.0,0.0,0.0,0.0,41.58770832783448,0.0,0.062745101749897,0.0,,,2,1,inf,0.9929808937013149,0.0,0.01586843782570213,nan,0.028944643750037358,0.023380181250104215,0.0
2026-04-25T20:33:49,VHRV_V,Vanish only,640,4,0.0001,20,4,16,8,1,0.06274509803921569,0.01568627450980392,0.5,15.0,1.5,3.0,0.0,0.0,0.0,15,1,0,0.15160683379508555,1,0,,,,0.1520129784476012,0.0,1.375,0.0625,0.0,0.0,0.0,0.0,41.212669232140414,0.0,0.062745101749897,0.0,,,2,1,inf,0.9928243830800056,0.0,0.014875144814141095,nan,0.025274850000016613,0.025204275000021426,0.0
2026-04-25T20:33:49,VHRV_V,Vanish only,640,4,0.0001,20,4,16,8,1,0.06274509803921569,0.01568627450980392,0.5,15.0,1.5,3.0,0.0,0.0,0.0,16,1,0,0.14821573696099222,0,0,,,,0.14821573696099222,0.0,1.3125,0.0625,0.0,0.0,0.0,0.0,41.26073805526238,0.0,0.062745101749897,0.0,,,2,1,inf,0.9925913438200951,0.0,0.015845136309508234,nan,0.025839431249892186,0.02326079375018253,0.0
2026-04-25T20:33:49,VHRV_V,Vanish only,640,4,0.0001,20,4,16,8,1,0.06274509803921569,0.01568627450980392,0.5,15.0,1.5,3.0,0.0,0.0,0.0,17,1,0,0.1435103069525212,0,0,,,,0.1435103069525212,0.0,1.375,0.0625,0.0,0.0,0.0,0.0,41.1759286838627,0.0,0.062745101749897,0.0,,,2,1,inf,0.9925024397671223,0.0,0.015418428054545075,nan,0.027507949999858283,0.022821156250074637,0.0
2026-04-25T20:33:49,VHRV_V,Vanish only,640,4,0.0001,20,4,16,8,1,0.06274509803921569,0.01568627450980392,0.5,15.0,1.5,3.0,0.0,0.0,0.0,18,1,0,0.1420370121486485,0,0,,,,0.1420370121486485,0.0,1.4375,0.0625,0.0,0.0,0.0,0.0,41.12312000461248,0.0,0.062745101749897,0.0,,,2,1,inf,0.992272824048996,0.0,0.01588469953276217,nan,0.025370918749786142,0.023273125000173422,0.0
2026-04-25T20:33:49,VHRV_V,Vanish only,640,4,0.0001,20,4,16,8,1,0.06274509803921569,0.01568627450980392,0.5,15.0,1.5,3.0,0.0,0.0,0.0,19,1,0,0.13934329972835258,0,0,,,,0.13934329972835258,0.0,1.4375,0.0625,0.0,0.0,0.0,0.0,41.21618635088302,0.0,0.062745101749897,0.0,,,2,1,inf,0.9922826215624809,0.0,0.016134299425175413,nan,0.028317825000158336,0.024988456250184754,0.0
2026-04-25T20:33:49,VHRV_V,Vanish only,640,4,0.0001,20,4,16,8,1,0.06274509803921569,0.01568627450980392,0.5,15.0,1.5,3.0,0.0,0.0,0.0,20,1,0,0.13446061746799387,0,0,,,,0.13446061746799387,0.0,1.4375,0.0625,0.0,0.0,0.0,0.0,41.190751969412986,0.0,0.062745101749897,0.0,,,2,1,inf,0.9923239387571812,0.0,0.016026628843974322,nan,0.028071625000052336,0.024365806249988964,0.0
2026-04-25T22:16:18,VHRV_F,Fabricate only,640,4,0.0001,20,4,16,8,1,0.06274509803921569,0.01568627450980392,0.5,15.0,1.5,3.0,0.0,0.0,0.0,1,0,1,,,,24.463515639305115,0,0,0.0,24.463515639305115,0.0,0.0,0.0,0.0,0.0,0.0,0.0,37.34012387759266,0.0,0.01568627543747425,,,2,1,inf,0.0,0.9475364051759243,nan,0.06499426835216582,0.052956674999791176,0.0,0.02504282500001409
2026-04-25T22:16:18,VHRV_F,Fabricate only,640,4,0.0001,20,4,16,8,1,0.06274509803921569,0.01568627450980392,0.5,15.0,1.5,3.0,0.0,0.0,0.0,2,0,1,,,,23.15732502937317,0,0,0.0,23.15732502937317,0.0,0.0,0.0,0.0625,0.0625,0.0,0.0,38.12524163742673,0.0,0.01568627543747425,,,2,1,inf,0.0,0.9404909871518612,nan,0.06641240464523435,0.024972106249720127,0.0,0.02408690624997689
2026-04-25T22:16:18,VHRV_F,Fabricate only,640,4,0.0001,20,4,16,8,1,0.06274509803921569,0.01568627450980392,0.5,15.0,1.5,3.0,0.0,0.0,0.0,3,0,1,,,,22.306604266166687,0,0,0.0,22.306604266166687,0.0,0.0,0.0,0.125,0.0625,0.0,0.0,38.048250638845005,0.0,0.01568627543747425,,,2,1,inf,0.0,0.9367749318480492,nan,0.10712080472148955,0.025822606250130775,0.0,0.024525781250190448
2026-04-25T22:16:18,VHRV_F,Fabricate only,640,4,0.0001,20,4,16,8,1,0.06274509803921569,0.01568627450980392,0.5,15.0,1.5,3.0,0.0,0.0,0.0,4,0,1,,,,21.678519248962402,0,0,0.0,21.678519248962402,0.0,0.0,0.0,0.1875,0.0625,0.0,0.0,39.27926811862354,0.0,0.01568627543747425,,,2,1,inf,0.0,0.9510297738015652,nan,0.11096369940787554,0.026967962499838904,0.0,0.023741062499766485
2026-04-25T22:16:18,VHRV_F,Fabricate only,640,4,0.0001,20,4,16,8,1,0.06274509803921569,0.01568627450980392,0.5,15.0,1.5,3.0,0.0,0.0,0.0,5,0,1,,,,16.860756933689117,0,0,0.0,16.860756933689117,0.0,0.0,0.0,0.0625,76.25,0.0,0.0,38.36431785916101,0.0,0.01568627543747425,,,2,1,inf,0.0,0.9410793483257294,nan,0.13001026073470712,0.028050193750118524,0.0,0.025042225000220242
2026-04-25T22:16:18,VHRV_F,Fabricate only,640,4,0.0001,20,4,16,8,1,0.06274509803921569,0.01568627450980392,0.5,15.0,1.5,3.0,0.0,0.0,0.0,6,0,1,,,,14.89882493019104,0,0,0.0,14.89882493019104,0.0,0.0,0.0,0.1875,205.375,0.0,0.0,37.702675544273156,0.0,0.01568627543747425,,,2,1,inf,0.0,0.9293373450636864,nan,0.14207485131919384,0.026756200000022545,0.0,0.024058818750063438
2026-04-25T22:16:18,VHRV_F,Fabricate only,640,4,0.0001,20,4,16,8,1,0.06274509803921569,0.01568627450980392,0.5,15.0,1.5,3.0,0.0,0.0,0.0,7,0,1,,,,14.165716707706451,0,0,0.0,14.165716707706451,0.0,0.0,0.0,0.25,257.5625,0.0,0.0,38.49033604961681,0.0,0.01568627543747425,,,2,1,inf,0.0,0.9315002784132957,nan,0.13001304399222136,0.026476937499978703,0.0,0.024214743750235357
2026-04-25T22:16:18,VHRV_F,Fabricate only,640,4,0.0001,20,4,16,8,1,0.06274509803921569,0.01568627450980392,0.5,15.0,1.5,3.0,0.0,0.0,0.0,8,0,1,,,,13.732679545879364,0,0,0.0,13.732679545879364,0.0,0.0,0.0,0.3125,276.0625,0.0,0.0,37.62149068841475,0.0,0.01568627543747425,,,2,1,inf,0.0,0.9252402074635029,nan,0.1436385503038764,0.02525838750011644,0.0,0.0252463374998797
2026-04-25T22:16:18,VHRV_F,Fabricate only,640,4,0.0001,20,4,16,8,1,0.06274509803921569,0.01568627450980392,0.5,15.0,1.5,3.0,0.0,0.0,0.0,9,0,1,,,,13.26882916688919,0,0,0.0,13.26882916688919,0.0,0.0,0.0,0.3125,286.875,0.0,0.0,37.719129750314906,0.0,0.01568627543747425,,,2,1,inf,0.0,0.9282204434275627,nan,0.13809944782406092,0.026326843749870932,0.0,0.024827281249940825
2026-04-25T22:16:18,VHRV_F,Fabricate only,640,4,0.0001,20,4,16,8,1,0.06274509803921569,0.01568627450980392,0.5,15.0,1.5,3.0,0.0,0.0,0.0,10,0,1,,,,13.035974323749542,0,0,0.0,13.035974323749542,0.0,0.0,0.0,0.375,287.75,0.0,0.0,37.793052006049045,0.0,0.01568627543747425,,,2,1,inf,0.0,0.925525788217783,nan,0.13598513370379806,0.026087587499660003,0.0,0.023850393750308285
2026-04-25T22:16:18,VHRV_F,Fabricate only,640,4,0.0001,20,4,16,8,1,0.06274509803921569,0.01568627450980392,0.5,15.0,1.5,3.0,0.0,0.0,0.0,11,0,1,,,,12.903800249099731,0,0,0.0,12.903800249099731,0.0,0.0,0.0,0.375,290.625,0.0,0.0,37.67989735801916,0.0,0.01568627543747425,,,2,1,inf,0.0,0.9266106337308884,nan,0.13265808671712875,0.02651830624995455,0.0,0.02526896250003574
2026-04-25T22:16:18,VHRV_F,Fabricate only,640,4,0.0001,20,4,16,8,1,0.06274509803921569,0.01568627450980392,0.5,15.0,1.5,3.0,0.0,0.0,0.0,12,0,1,,,,12.826371729373932,0,0,0.0,12.826371729373932,0.0,0.0,0.0,0.3125,290.5,0.0,0.0,37.51343738811952,0.0,0.01568627543747425,,,2,1,inf,0.0,0.9238020740449429,nan,0.13323873048648238,0.026238137500172343,0.0,0.02428820000000087
2026-04-25T22:16:18,VHRV_F,Fabricate only,640,4,0.0001,20,4,16,8,1,0.06274509803921569,0.01568627450980392,0.5,15.0,1.5,3.0,0.0,0.0,0.0,13,0,1,,,,12.59333747625351,0,0,0.0,12.59333747625351,0.0,0.0,0.0,0.375,292.0625,0.0,0.0,37.39735821306096,0.0,0.01568627543747425,,,2,1,inf,0.0,0.9232688769698143,nan,0.13099169405177236,0.026994156249998014,0.0,0.024093518750078147
2026-04-25T22:16:18,VHRV_F,Fabricate only,640,4,0.0001,20,4,16,8,1,0.06274509803921569,0.01568627450980392,0.5,15.0,1.5,3.0,0.0,0.0,0.0,14,0,1,,,,12.59333747625351,1,0,0.0,12.937981486320496,0.0,0.0,0.0,0.375,293.0625,0.0,0.0,38.34228634173719,0.0,0.01568627543747425,,,2,1,inf,0.0,0.9234388396143913,nan,0.1519293114542961,0.024592874999825654,0.0,0.024117781249856307
2026-04-25T22:16:18,VHRV_F,Fabricate only,640,4,0.0001,20,4,16,8,1,0.06274509803921569,0.01568627450980392,0.5,15.0,1.5,3.0,0.0,0.0,0.0,15,0,1,,,,12.462816417217255,0,0,0.0,12.462816417217255,0.0,0.0,0.0,0.4375,293.5,0.0,0.0,37.009385533938485,0.0,0.01568627543747425,,,2,1,inf,0.0,0.9190135486423969,nan,0.14367043739184737,0.029394937500001106,0.0,0.02476598124985685
2026-04-25T22:16:18,VHRV_F,Fabricate only,640,4,0.0001,20,4,16,8,1,0.06274509803921569,0.01568627450980392,0.5,15.0,1.5,3.0,0.0,0.0,0.0,16,0,1,,,,12.418015718460083,0,0,0.0,12.418015718460083,0.0,0.0,0.0,0.5,294.9375,0.0,0.0,37.65029881368138,0.0,0.01568627543747425,,,2,1,inf,0.0,0.9237666353583336,nan,0.14674290968105197,0.029419893749604853,0.0,0.026308843749916377
2026-04-25T22:16:18,VHRV_F,Fabricate only,640,4,0.0001,20,4,16,8,1,0.06274509803921569,0.01568627450980392,0.5,15.0,1.5,3.0,0.0,0.0,0.0,17,0,1,,,,12.388106524944305,0,0,0.0,12.388106524944305,0.0,0.0,0.0,0.5,293.25,0.0,0.0,38.02692681041398,0.0,0.01568627543747425,,,2,1,inf,0.0,0.9220056794583797,nan,0.14331439975649118,0.02700672499997836,0.0,0.023600331250122508
2026-04-25T22:16:18,VHRV_F,Fabricate only,640,4,0.0001,20,4,16,8,1,0.06274509803921569,0.01568627450980392,0.5,15.0,1.5,3.0,0.0,0.0,0.0,18,0,1,,,,12.291155338287354,0,0,0.0,12.291155338287354,0.0,0.0,0.0,0.5,295.375,0.0,0.0,37.523300324133245,0.0,0.01568627543747425,,,2,1,inf,0.0,0.9224045313894749,nan,0.14185890648514032,0.02858468124952651,0.0,0.025594775000286063
2026-04-25T22:16:18,VHRV_F,Fabricate only,640,4,0.0001,20,4,16,8,1,0.06274509803921569,0.01568627450980392,0.5,15.0,1.5,3.0,0.0,0.0,0.0,19,0,1,,,,12.225381135940552,0,0,0.0,12.225381135940552,0.0,0.0,0.0,0.4375,294.875,0.0,0.0,37.53114494493485,0.0,0.01568627543747425,,,2,1,inf,0.0,0.922916978597641,nan,0.14391696406528354,0.025098993749907095,0.0,0.025162587500062727
2026-04-25T22:16:18,VHRV_F,Fabricate only,640,4,0.0001,20,4,16,8,1,0.06274509803921569,0.01568627450980392,0.5,15.0,1.5,3.0,0.0,0.0,0.0,20,0,1,,,,12.079877495765686,0,0,0.0,12.079877495765686,0.0,0.0,0.0,0.5,295.75,0.0,0.0,37.40697049696955,0.0,0.01568627543747425,,,2,1,inf,0.0,0.9211397096514702,nan,0.13461389392614365,0.028274224999904618,0.0,0.02484638125008587
2026-04-27T08:12:42,VHRV_V_QUICK,Vanish only,640,4,0.0001,3,2,4,8,1,0.06274509803921569,0.01568627450980392,0.5,15.0,1.5,3.0,0.0,0.0,0.0,1,1,0,0.25611844286322594,0,0,,,,0.25611844286322594,0.0,0.5,0.0625,0.0,0.0,0.0,0.0,43.24710291518721,0.0,0.06274099461734295,0.0,,,2,1,inf,0.9965857565402985,0.0,0.00779714691452682,nan,0.03951694375000159,0.018026081249992387,0.0
2026-04-27T08:12:42,VHRV_V_QUICK,Vanish only,640,4,0.0001,3,2,4,8,1,0.06274509803921569,0.01568627450980392,0.5,15.0,1.5,3.0,0.0,0.0,0.0,2,1,0,0.23735423758625984,0,0,,,,0.23735423758625984,0.0,0.6875,0.0625,0.0,0.0,0.0,0.0,42.17996895414895,0.0,0.06274503283202648,0.0,,,2,1,inf,0.9958456307649612,0.0,0.00889034871943295,nan,0.020739812500011112,0.01998935624999376,0.0
